2026-08-31 21:25:56.654: [INFO][Sync] SyncState after authenticated was: FeatureNotSetup
2026-08-31 21:26:07.351: [INFO][Sync] Try to start sync engine
2026-08-31 21:26:07.369: [INFO][SyncAuthManager::SetLastAuthError] Current auth error: None
2026-08-31 21:26:07.369: [INFO][SyncAuthManager::EdgeLogTokenErrorState] Token error with: None for account type: MSA
2026-08-31 21:26:07.369: [INFO][Sync] Credentials changed for: EdgeSyncScopeNew
2026-08-31 21:26:07.378: [INFO][SyncEngineBackend::LoadAndConnectNigoriController] Load and connect Nigori controller
2026-08-31 21:26:07.378: [INFO][SyncEngineBackend::DoInitialize] Control Types added: 
2026-08-31 21:26:07.378: [INFO][SyncManagerImpl::ConfigureSyncer] Types to download:  with reason: 4
2026-08-31 21:26:07.389: [INFO][Sync] Started DataTypeManager configuration, reason: 4
2026-08-31 21:26:07.390: [INFO][Sync] Configuring for: Extensions, Extension settings, Device Info, User Consents, Send Tab To Self, Web Apps, Encryption Keys, reason: 4, current state: 0
2026-08-31 21:26:07.390: [INFO][SyncEngineBackend::DoStartConfiguration] Start configuration
2026-08-31 21:26:07.394: [INFO][Sync] Configure, desired: Extensions, Extension settings, Device Info, User Consents, Send Tab To Self, Web Apps, Encryption Keys; Allow fail: 
2026-08-31 21:26:07.394: [INFO][Sync] Loading: Extensions
2026-08-31 21:26:07.394: [INFO][Sync] Loading: Extension settings
2026-08-31 21:26:07.395: [INFO][Sync] Loading: Device Info
2026-08-31 21:26:07.395: [INFO][Sync] Loading: User Consents
2026-08-31 21:26:07.395: [INFO][Sync] Loading: Send Tab To Self
2026-08-31 21:26:07.395: [INFO][Sync] Loading: Web Apps
2026-08-31 21:26:07.398: [INFO][Sync] All data types are ready for configure.
2026-08-31 21:26:07.398: [INFO][SyncManagerImpl::ConfigureSyncer] Types to download:  with reason: 4
2026-08-31 21:26:07.398: [INFO][SyncEngineBackend::DoFinishConfigureDataTypes] Failed to download types:  and succeeded types: 
2026-08-31 21:26:07.400: [INFO][Sync] ConfigurationDone, failed: , succeeded: , remaining count: 2
2026-08-31 21:26:07.401: [INFO][SyncManagerImpl::ConfigureSyncer] Types to download:  with reason: 4
2026-08-31 21:26:07.401: [INFO][SyncEngineBackend::DoFinishConfigureDataTypes] Failed to download types:  and succeeded types: 
2026-08-31 21:26:07.407: [INFO][Sync] ConfigurationDone, failed: , succeeded: , remaining count: 1
2026-08-31 21:26:07.408: [INFO][SyncManagerImpl::ConfigureSyncer] Types to download:  with reason: 4
2026-08-31 21:26:07.408: [INFO][SyncEngineBackend::DoFinishConfigureDataTypes] Failed to download types:  and succeeded types: 
2026-08-31 21:26:07.408: [INFO][Sync] ConfigurationDone, failed: , succeeded: , remaining count: 0
2026-08-31 21:26:07.408: [INFO][Sync]     Configuration completed, state: 3
2026-08-31 21:26:07.409: [INFO][Sync] Configured DataTypeManager: Ok
2026-08-31 21:26:07.419: [INFO][SyncEngineBackend::DoStartSyncing] Start syncing
2026-08-31 21:26:11.109: [INFO][SyncAuthManager::SetLastAuthError] Current auth error: None
2026-08-31 21:26:11.109: [INFO][SyncAuthManager::EdgeLogTokenErrorState] Token error with: None for account type: MSA
2026-08-31 21:26:11.109: [INFO][Sync] Credentials changed for: EdgeSyncKeyDataScope
2026-08-31 21:26:11.109: [INFO][SyncEngineBackend::DoUpdateKeyDataCredentials] Update key data credentials
2026-08-31 21:26:11.109: [INFO][SyncEngineBackend::DoUpdateCredentials] Update credentials
2026-09-01 10:32:30.570: [INFO][SyncSchedulerImpl::OnSyncNetworkError] Syncer error: Network error (ERR_NETWORK_CHANGED)
2026-09-01 10:32:30.698: [WARN][Sync] NetworkError: Network error (ERR_NETWORK_CHANGED)
2026-09-01 10:32:31.298: [INFO][SyncSchedulerImpl::DoPollSyncCycleJob] Syncer error: Network error (ERR_NETWORK_CHANGED)
2026-09-01 10:32:33.727: [INFO][Sync] Connection status changed to: 2
2026-09-01 10:32:34.446: [INFO][SyncSchedulerImpl::OnSyncNetworkError] Syncer error: HTTP error (401)
2026-09-01 10:32:34.446: [INFO][Sync] Connection status changed to: 2
2026-09-01 10:32:34.446: [INFO][SyncSchedulerImpl::DoPollSyncCycleJob] Syncer error: HTTP error (401)
2026-09-01 10:32:34.454: [WARN][Sync] NetworkError: HTTP error (401)
2026-09-01 10:32:34.970: [INFO][SyncAuthManager::SetLastAuthError] Current auth error: None
2026-09-01 10:32:34.971: [INFO][SyncAuthManager::EdgeLogTokenErrorState] Token error with: None for account type: MSA
2026-09-01 10:32:34.971: [INFO][Sync] Credentials changed for: EdgeSyncScopeNew
2026-09-01 10:32:36.173: [INFO][Sync] Connection status changed to: 2
2026-09-01 10:32:39.618: [INFO][SyncAuthManager::SetLastAuthError] Current auth error: None
2026-09-01 10:32:39.618: [INFO][SyncAuthManager::EdgeLogTokenErrorState] Token error with: None for account type: MSA
2026-09-01 10:32:39.618: [INFO][Sync] Credentials changed for: EdgeSyncKeyDataScope
2026-09-01 10:32:39.620: [INFO][SyncEngineBackend::DoUpdateKeyDataCredentials] Update key data credentials
2026-09-01 10:32:39.622: [INFO][SyncEngineBackend::DoUpdateCredentials] Update credentials
2026-09-01 10:32:41.152: [INFO][SyncAuthManager::SetLastAuthError] Current auth error: None
2026-09-01 10:32:41.152: [INFO][SyncAuthManager::EdgeLogTokenErrorState] Token error with: None for account type: MSA
2026-09-01 10:32:41.152: [INFO][Sync] Credentials changed for: EdgeSyncScopeNew
2026-09-01 10:32:41.153: [INFO][SyncEngineBackend::DoUpdateCredentials] Update credentials
2026-09-01 10:32:41.153: [INFO][SyncEngineBackend::DoUpdateKeyDataCredentials] Update key data credentials
2026-09-01 22:09:55.638: [INFO][SyncSchedulerImpl::OnSyncNetworkError] Syncer error: Network error (ERR_NETWORK_CHANGED)
2026-09-01 22:09:55.639: [INFO][Commit::ReportFullCommitFailure] Commit Device Info failed with error: NetworkError
2026-09-01 22:09:55.653: [WARN][Sync] NetworkError: Network error (ERR_NETWORK_CHANGED)
2026-09-01 22:09:55.684: [INFO][SyncSchedulerImpl::DoNudgeSyncCycleJob] Syncer error: Network error (ERR_NETWORK_CHANGED)
2026-09-01 22:10:04.499: [INFO][SyncSchedulerImpl::OnSyncNetworkError] Syncer error: HTTP error (401)
2026-09-01 22:10:04.500: [INFO][Commit::ReportFullCommitFailure] Commit Device Info failed with error: AuthError
2026-09-01 22:10:04.500: [INFO][SyncSchedulerImpl::DoNudgeSyncCycleJob] Syncer error: HTTP error (401)
2026-09-01 22:10:04.504: [INFO][Sync] Connection status changed to: 2
2026-09-01 22:10:04.517: [WARN][Sync] NetworkError: HTTP error (401)
2026-09-01 22:10:04.640: [INFO][SyncAuthManager::SetLastAuthError] Current auth error: None
2026-09-01 22:10:04.641: [INFO][SyncAuthManager::EdgeLogTokenErrorState] Token error with: None for account type: MSA
2026-09-01 22:10:04.641: [INFO][Sync] Credentials changed for: EdgeSyncScopeNew
2026-09-01 22:10:09.956: [INFO][SyncAuthManager::SetLastAuthError] Current auth error: None
2026-09-01 22:10:09.956: [INFO][SyncAuthManager::EdgeLogTokenErrorState] Token error with: None for account type: MSA
2026-09-01 22:10:09.956: [INFO][Sync] Credentials changed for: EdgeSyncKeyDataScope
2026-09-01 22:10:09.958: [INFO][SyncEngineBackend::DoUpdateKeyDataCredentials] Update key data credentials
2026-09-01 22:10:09.960: [INFO][SyncEngineBackend::DoUpdateCredentials] Update credentials
2026-09-02 08:09:49.689: [INFO][Sync] Connection status changed to: 2
2026-09-02 08:09:49.689: [INFO][SyncSchedulerImpl::OnSyncNetworkError] Syncer error: HTTP error (401)
2026-09-02 08:09:49.742: [WARN][Sync] NetworkError: HTTP error (401)
2026-09-02 08:09:49.772: [INFO][SyncSchedulerImpl::DoPollSyncCycleJob] Syncer error: HTTP error (401)
2026-09-02 08:10:01.085: [INFO][SyncAuthManager::SetLastAuthError] Current auth error: None
2026-09-02 08:10:01.085: [INFO][SyncAuthManager::EdgeLogTokenErrorState] Token error with: None for account type: MSA
2026-09-02 08:10:01.085: [INFO][Sync] Credentials changed for: EdgeSyncKeyDataScope
2026-09-02 08:10:01.086: [INFO][SyncEngineBackend::DoUpdateKeyDataCredentials] Update key data credentials
2026-09-02 08:10:01.775: [INFO][SyncAuthManager::SetLastAuthError] Current auth error: None
2026-09-02 08:10:01.776: [INFO][SyncAuthManager::EdgeLogTokenErrorState] Token error with: None for account type: MSA
2026-09-02 08:10:01.776: [INFO][Sync] Credentials changed for: EdgeSyncScopeNew
2026-09-02 08:10:01.777: [INFO][SyncEngineBackend::DoUpdateCredentials] Update credentials
2026-09-02 08:10:01.779: [INFO][SyncEngineBackend::DoUpdateKeyDataCredentials] Update key data credentials
2026-09-02 11:02:00.217: [INFO][Sync] SyncState after authenticated was: FeatureNotSetup
2026-09-02 11:02:04.600: [INFO][SyncAuthManager::SetLastAuthError] Current auth error: None
2026-09-02 11:02:04.601: [INFO][SyncAuthManager::EdgeLogTokenErrorState] Token error with: None for account type: MSA
2026-09-02 11:02:04.601: [INFO][Sync] Credentials changed for: EdgeSyncKeyDataScope
2026-09-02 11:02:10.612: [INFO][Sync] Try to start sync engine
2026-09-02 11:02:10.628: [INFO][SyncEngineBackend::LoadAndConnectNigoriController] Load and connect Nigori controller
2026-09-02 11:02:10.628: [INFO][SyncEngineBackend::DoInitialize] Control Types added: 
2026-09-02 11:02:10.628: [INFO][SyncManagerImpl::ConfigureSyncer] Types to download:  with reason: 4
2026-09-02 11:02:10.628: [INFO][SyncEngineBackend::DoUpdateKeyDataCredentials] Update key data credentials
2026-09-02 11:02:10.638: [INFO][Sync] Started DataTypeManager configuration, reason: 4
2026-09-02 11:02:10.638: [INFO][Sync] Configuring for: Extensions, Extension settings, Device Info, User Consents, Send Tab To Self, Web Apps, Encryption Keys, reason: 4, current state: 0
2026-09-02 11:02:10.638: [INFO][SyncEngineBackend::DoStartConfiguration] Start configuration
2026-09-02 11:02:10.642: [INFO][Sync] Configure, desired: Extensions, Extension settings, Device Info, User Consents, Send Tab To Self, Web Apps, Encryption Keys; Allow fail: 
2026-09-02 11:02:10.643: [INFO][Sync] Loading: Extensions
2026-09-02 11:02:10.643: [INFO][Sync] Loading: Extension settings
2026-09-02 11:02:10.643: [INFO][Sync] Loading: Device Info
2026-09-02 11:02:10.643: [INFO][Sync] Loading: User Consents
2026-09-02 11:02:10.643: [INFO][Sync] Loading: Send Tab To Self
2026-09-02 11:02:10.643: [INFO][Sync] Loading: Web Apps
2026-09-02 11:02:10.649: [INFO][SyncAuthManager::SetLastAuthError] Current auth error: None
2026-09-02 11:02:10.649: [INFO][SyncAuthManager::EdgeLogTokenErrorState] Token error with: None for account type: MSA
2026-09-02 11:02:10.649: [INFO][Sync] Credentials changed for: EdgeSyncScopeNew
2026-09-02 11:02:10.649: [INFO][SyncEngineBackend::DoUpdateCredentials] Update credentials
2026-09-02 11:02:10.650: [INFO][SyncEngineBackend::DoUpdateKeyDataCredentials] Update key data credentials
2026-09-02 11:02:10.654: [INFO][Sync] All data types are ready for configure.
2026-09-02 11:02:10.662: [INFO][SyncManagerImpl::ConfigureSyncer] Types to download:  with reason: 4
2026-09-02 11:02:10.662: [INFO][SyncEngineBackend::DoFinishConfigureDataTypes] Failed to download types:  and succeeded types: 
2026-09-02 11:02:10.666: [INFO][Sync] ConfigurationDone, failed: , succeeded: , remaining count: 2
2026-09-02 11:02:10.667: [INFO][SyncManagerImpl::ConfigureSyncer] Types to download:  with reason: 4
2026-09-02 11:02:10.667: [INFO][SyncEngineBackend::DoFinishConfigureDataTypes] Failed to download types:  and succeeded types: 
2026-09-02 11:02:10.667: [INFO][Sync] ConfigurationDone, failed: , succeeded: , remaining count: 1
2026-09-02 11:02:10.667: [INFO][SyncManagerImpl::ConfigureSyncer] Types to download:  with reason: 4
2026-09-02 11:02:10.667: [INFO][SyncEngineBackend::DoFinishConfigureDataTypes] Failed to download types:  and succeeded types: 
2026-09-02 11:02:10.667: [INFO][Sync] ConfigurationDone, failed: , succeeded: , remaining count: 0
2026-09-02 11:02:10.667: [INFO][Sync]     Configuration completed, state: 3
2026-09-02 11:02:10.667: [INFO][Sync] Configured DataTypeManager: Ok
2026-09-02 11:02:10.673: [INFO][SyncEngineBackend::DoStartSyncing] Start syncing
2026-09-02 11:06:47.036: [INFO][Sync] SyncState after authenticated was: FeatureNotSetup
2026-09-02 11:06:49.130: [INFO][SyncAuthManager::SetLastAuthError] Current auth error: None
2026-09-02 11:06:49.130: [INFO][SyncAuthManager::EdgeLogTokenErrorState] Token error with: None for account type: MSA
2026-09-02 11:06:49.130: [INFO][Sync] Credentials changed for: EdgeSyncKeyDataScope
2026-09-02 11:06:57.787: [INFO][Sync] Try to start sync engine
2026-09-02 11:06:57.804: [INFO][SyncEngineBackend::LoadAndConnectNigoriController] Load and connect Nigori controller
2026-09-02 11:06:57.804: [INFO][SyncEngineBackend::DoInitialize] Control Types added: 
2026-09-02 11:06:57.804: [INFO][SyncManagerImpl::ConfigureSyncer] Types to download:  with reason: 4
2026-09-02 11:06:57.804: [INFO][SyncEngineBackend::DoUpdateKeyDataCredentials] Update key data credentials
2026-09-02 11:06:57.813: [INFO][Sync] Started DataTypeManager configuration, reason: 4
2026-09-02 11:06:57.814: [INFO][Sync] Configuring for: Extensions, Extension settings, Device Info, User Consents, Send Tab To Self, Web Apps, Encryption Keys, reason: 4, current state: 0
2026-09-02 11:06:57.814: [INFO][SyncEngineBackend::DoStartConfiguration] Start configuration
2026-09-02 11:06:57.817: [INFO][Sync] Configure, desired: Extensions, Extension settings, Device Info, User Consents, Send Tab To Self, Web Apps, Encryption Keys; Allow fail: 
2026-09-02 11:06:57.818: [INFO][Sync] Loading: Extensions
2026-09-02 11:06:57.818: [INFO][Sync] Loading: Extension settings
2026-09-02 11:06:57.818: [INFO][Sync] Loading: Device Info
2026-09-02 11:06:57.818: [INFO][Sync] Loading: User Consents
2026-09-02 11:06:57.818: [INFO][Sync] Loading: Send Tab To Self
2026-09-02 11:06:57.818: [INFO][Sync] Loading: Web Apps
2026-09-02 11:06:57.824: [INFO][SyncAuthManager::SetLastAuthError] Current auth error: None
2026-09-02 11:06:57.824: [INFO][SyncAuthManager::EdgeLogTokenErrorState] Token error with: None for account type: MSA
2026-09-02 11:06:57.824: [INFO][Sync] Credentials changed for: EdgeSyncScopeNew
2026-09-02 11:06:57.824: [INFO][SyncEngineBackend::DoUpdateCredentials] Update credentials
2026-09-02 11:06:57.824: [INFO][SyncEngineBackend::DoUpdateKeyDataCredentials] Update key data credentials
2026-09-02 11:06:57.828: [INFO][Sync] All data types are ready for configure.
2026-09-02 11:06:57.829: [INFO][SyncManagerImpl::ConfigureSyncer] Types to download:  with reason: 4
2026-09-02 11:06:57.829: [INFO][SyncEngineBackend::DoFinishConfigureDataTypes] Failed to download types:  and succeeded types: 
2026-09-02 11:06:57.838: [INFO][Sync] ConfigurationDone, failed: , succeeded: , remaining count: 2
2026-09-02 11:06:57.838: [INFO][SyncManagerImpl::ConfigureSyncer] Types to download:  with reason: 4
2026-09-02 11:06:57.838: [INFO][SyncEngineBackend::DoFinishConfigureDataTypes] Failed to download types:  and succeeded types: 
2026-09-02 11:06:57.844: [INFO][Sync] ConfigurationDone, failed: , succeeded: , remaining count: 1
2026-09-02 11:06:57.846: [INFO][SyncManagerImpl::ConfigureSyncer] Types to download:  with reason: 4
2026-09-02 11:06:57.846: [INFO][SyncEngineBackend::DoFinishConfigureDataTypes] Failed to download types:  and succeeded types: 
2026-09-02 11:06:57.853: [INFO][Sync] ConfigurationDone, failed: , succeeded: , remaining count: 0
2026-09-02 11:06:57.853: [INFO][Sync]     Configuration completed, state: 3
2026-09-02 11:06:57.853: [INFO][Sync] Configured DataTypeManager: Ok
2026-09-02 11:06:57.863: [INFO][SyncEngineBackend::DoStartSyncing] Start syncing
2026-09-02 11:15:10.795: [INFO][Sync] SyncState after authenticated was: FeatureNotSetup
2026-09-02 11:15:13.660: [INFO][SyncAuthManager::SetLastAuthError] Current auth error: None
2026-09-02 11:15:13.660: [INFO][SyncAuthManager::EdgeLogTokenErrorState] Token error with: None for account type: MSA
2026-09-02 11:15:13.661: [INFO][Sync] Credentials changed for: EdgeSyncKeyDataScope
2026-09-02 11:15:21.005: [INFO][Sync] Try to start sync engine
2026-09-02 11:15:21.042: [INFO][SyncAuthManager::SetLastAuthError] Current auth error: None
2026-09-02 11:15:21.043: [INFO][SyncAuthManager::EdgeLogTokenErrorState] Token error with: None for account type: MSA
2026-09-02 11:15:21.043: [INFO][Sync] Credentials changed for: EdgeSyncScopeNew
2026-09-02 11:15:21.065: [INFO][SyncEngineBackend::LoadAndConnectNigoriController] Load and connect Nigori controller
2026-09-02 11:15:21.066: [INFO][SyncEngineBackend::DoInitialize] Control Types added: 
2026-09-02 11:15:21.066: [INFO][SyncManagerImpl::ConfigureSyncer] Types to download:  with reason: 4
2026-09-02 11:15:21.067: [INFO][SyncEngineBackend::DoUpdateKeyDataCredentials] Update key data credentials
2026-09-02 11:15:21.069: [INFO][SyncEngineBackend::DoUpdateCredentials] Update credentials
2026-09-02 11:15:21.069: [INFO][SyncEngineBackend::DoUpdateKeyDataCredentials] Update key data credentials
2026-09-02 11:15:21.082: [INFO][Sync] Started DataTypeManager configuration, reason: 4
2026-09-02 11:15:21.082: [INFO][Sync] Configuring for: Extensions, Extension settings, Device Info, User Consents, Send Tab To Self, Web Apps, Encryption Keys, reason: 4, current state: 0
2026-09-02 11:15:21.082: [INFO][SyncEngineBackend::DoStartConfiguration] Start configuration
2026-09-02 11:15:21.087: [INFO][Sync] Configure, desired: Extensions, Extension settings, Device Info, User Consents, Send Tab To Self, Web Apps, Encryption Keys; Allow fail: 
2026-09-02 11:15:21.088: [INFO][Sync] Loading: Extensions
2026-09-02 11:15:21.088: [INFO][Sync] Loading: Extension settings
2026-09-02 11:15:21.089: [INFO][Sync] Loading: Device Info
2026-09-02 11:15:21.089: [INFO][Sync] Loading: User Consents
2026-09-02 11:15:21.089: [INFO][Sync] Loading: Send Tab To Self
2026-09-02 11:15:21.089: [INFO][Sync] Loading: Web Apps
2026-09-02 11:15:21.094: [INFO][Sync] All data types are ready for configure.
2026-09-02 11:15:21.095: [INFO][SyncManagerImpl::ConfigureSyncer] Types to download:  with reason: 4
2026-09-02 11:15:21.095: [INFO][SyncEngineBackend::DoFinishConfigureDataTypes] Failed to download types:  and succeeded types: 
2026-09-02 11:15:21.101: [INFO][Sync] ConfigurationDone, failed: , succeeded: , remaining count: 2
2026-09-02 11:15:21.102: [INFO][SyncManagerImpl::ConfigureSyncer] Types to download:  with reason: 4
2026-09-02 11:15:21.102: [INFO][SyncEngineBackend::DoFinishConfigureDataTypes] Failed to download types:  and succeeded types: 
2026-09-02 11:15:21.102: [INFO][Sync] ConfigurationDone, failed: , succeeded: , remaining count: 1
2026-09-02 11:15:21.102: [INFO][SyncManagerImpl::ConfigureSyncer] Types to download:  with reason: 4
2026-09-02 11:15:21.102: [INFO][SyncEngineBackend::DoFinishConfigureDataTypes] Failed to download types:  and succeeded types: 
2026-09-02 11:15:21.103: [INFO][Sync] ConfigurationDone, failed: , succeeded: , remaining count: 0
2026-09-02 11:15:21.103: [INFO][Sync]     Configuration completed, state: 3
2026-09-02 11:15:21.104: [INFO][Sync] Configured DataTypeManager: Ok
2026-09-02 11:15:21.113: [INFO][SyncEngineBackend::DoStartSyncing] Start syncing
2026-09-02 11:35:50.838: [INFO][Sync] SyncState after authenticated was: FeatureNotSetup
2026-09-02 11:35:56.353: [INFO][SyncAuthManager::SetLastAuthError] Current auth error: None
2026-09-02 11:35:56.353: [INFO][SyncAuthManager::EdgeLogTokenErrorState] Token error with: None for account type: MSA
2026-09-02 11:35:56.353: [INFO][Sync] Credentials changed for: EdgeSyncKeyDataScope
2026-09-02 11:36:01.410: [INFO][Sync] Try to start sync engine
2026-09-02 11:36:01.500: [INFO][SyncAuthManager::SetLastAuthError] Current auth error: None
2026-09-02 11:36:01.500: [INFO][SyncAuthManager::EdgeLogTokenErrorState] Token error with: None for account type: MSA
2026-09-02 11:36:01.500: [INFO][Sync] Credentials changed for: EdgeSyncScopeNew
2026-09-02 11:36:01.524: [INFO][SyncEngineBackend::LoadAndConnectNigoriController] Load and connect Nigori controller
2026-09-02 11:36:01.525: [INFO][SyncEngineBackend::DoInitialize] Control Types added: 
2026-09-02 11:36:01.525: [INFO][SyncManagerImpl::ConfigureSyncer] Types to download:  with reason: 4
2026-09-02 11:36:01.532: [INFO][SyncEngineBackend::DoUpdateKeyDataCredentials] Update key data credentials
2026-09-02 11:36:01.532: [INFO][SyncEngineBackend::DoUpdateCredentials] Update credentials
2026-09-02 11:36:01.533: [INFO][SyncEngineBackend::DoUpdateKeyDataCredentials] Update key data credentials
2026-09-02 11:36:01.553: [INFO][Sync] Started DataTypeManager configuration, reason: 4
2026-09-02 11:36:01.554: [INFO][Sync] Configuring for: Extensions, Extension settings, Device Info, User Consents, Send Tab To Self, Web Apps, Encryption Keys, reason: 4, current state: 0
2026-09-02 11:36:01.554: [INFO][SyncEngineBackend::DoStartConfiguration] Start configuration
2026-09-02 11:36:01.559: [INFO][Sync] Configure, desired: Extensions, Extension settings, Device Info, User Consents, Send Tab To Self, Web Apps, Encryption Keys; Allow fail: 
2026-09-02 11:36:01.560: [INFO][Sync] Loading: Extensions
2026-09-02 11:36:01.560: [INFO][Sync] Loading: Extension settings
2026-09-02 11:36:01.561: [INFO][Sync] Loading: Device Info
2026-09-02 11:36:01.561: [INFO][Sync] Loading: User Consents
2026-09-02 11:36:01.561: [INFO][Sync] Loading: Send Tab To Self
2026-09-02 11:36:01.561: [INFO][Sync] Loading: Web Apps
2026-09-02 11:36:01.579: [INFO][Sync] All data types are ready for configure.
2026-09-02 11:36:01.580: [INFO][SyncManagerImpl::ConfigureSyncer] Types to download:  with reason: 4
2026-09-02 11:36:01.580: [INFO][SyncEngineBackend::DoFinishConfigureDataTypes] Failed to download types:  and succeeded types: 
2026-09-02 11:36:01.582: [INFO][Sync] ConfigurationDone, failed: , succeeded: , remaining count: 2
2026-09-02 11:36:01.582: [INFO][SyncManagerImpl::ConfigureSyncer] Types to download:  with reason: 4
2026-09-02 11:36:01.582: [INFO][SyncEngineBackend::DoFinishConfigureDataTypes] Failed to download types:  and succeeded types: 
2026-09-02 11:36:01.589: [INFO][Sync] ConfigurationDone, failed: , succeeded: , remaining count: 1
2026-09-02 11:36:01.589: [INFO][SyncManagerImpl::ConfigureSyncer] Types to download:  with reason: 4
2026-09-02 11:36:01.589: [INFO][SyncEngineBackend::DoFinishConfigureDataTypes] Failed to download types:  and succeeded types: 
2026-09-02 11:36:01.592: [INFO][Sync] ConfigurationDone, failed: , succeeded: , remaining count: 0
2026-09-02 11:36:01.592: [INFO][Sync]     Configuration completed, state: 3
2026-09-02 11:36:01.594: [INFO][Sync] Configured DataTypeManager: Ok
2026-09-02 11:36:01.607: [INFO][SyncEngineBackend::DoStartSyncing] Start syncing
2026-09-02 11:50:39.453: [INFO][Sync] SyncState after authenticated was: FeatureNotSetup
2026-09-02 11:50:42.445: [INFO][SyncAuthManager::SetLastAuthError] Current auth error: None
2026-09-02 11:50:42.445: [INFO][SyncAuthManager::EdgeLogTokenErrorState] Token error with: None for account type: MSA
2026-09-02 11:50:42.445: [INFO][Sync] Credentials changed for: EdgeSyncKeyDataScope
2026-09-02 11:50:49.665: [INFO][Sync] Try to start sync engine
2026-09-02 11:50:49.679: [INFO][SyncAuthManager::SetLastAuthError] Current auth error: None
2026-09-02 11:50:49.679: [INFO][SyncAuthManager::EdgeLogTokenErrorState] Token error with: None for account type: MSA
2026-09-02 11:50:49.679: [INFO][Sync] Credentials changed for: EdgeSyncScopeNew
2026-09-02 11:50:49.679: [INFO][SyncEngineBackend::LoadAndConnectNigoriController] Load and connect Nigori controller
2026-09-02 11:50:49.679: [INFO][SyncEngineBackend::DoInitialize] Control Types added: 
2026-09-02 11:50:49.679: [INFO][SyncManagerImpl::ConfigureSyncer] Types to download:  with reason: 4
2026-09-02 11:50:49.680: [INFO][SyncEngineBackend::DoUpdateKeyDataCredentials] Update key data credentials
2026-09-02 11:50:49.680: [INFO][SyncEngineBackend::DoUpdateCredentials] Update credentials
2026-09-02 11:50:49.680: [INFO][SyncEngineBackend::DoUpdateKeyDataCredentials] Update key data credentials
2026-09-02 11:50:49.692: [INFO][Sync] Started DataTypeManager configuration, reason: 4
2026-09-02 11:50:49.692: [INFO][Sync] Configuring for: Extensions, Extension settings, Device Info, User Consents, Send Tab To Self, Web Apps, Encryption Keys, reason: 4, current state: 0
2026-09-02 11:50:49.692: [INFO][SyncEngineBackend::DoStartConfiguration] Start configuration
2026-09-02 11:50:49.694: [INFO][Sync] Configure, desired: Extensions, Extension settings, Device Info, User Consents, Send Tab To Self, Web Apps, Encryption Keys; Allow fail: 
2026-09-02 11:50:49.694: [INFO][Sync] Loading: Extensions
2026-09-02 11:50:49.695: [INFO][Sync] Loading: Extension settings
2026-09-02 11:50:49.696: [INFO][Sync] Loading: Device Info
2026-09-02 11:50:49.696: [INFO][Sync] Loading: User Consents
2026-09-02 11:50:49.696: [INFO][Sync] Loading: Send Tab To Self
2026-09-02 11:50:49.696: [INFO][Sync] Loading: Web Apps
2026-09-02 11:50:49.699: [INFO][Sync] All data types are ready for configure.
2026-09-02 11:50:49.700: [INFO][SyncManagerImpl::ConfigureSyncer] Types to download:  with reason: 4
2026-09-02 11:50:49.700: [INFO][SyncEngineBackend::DoFinishConfigureDataTypes] Failed to download types:  and succeeded types: 
2026-09-02 11:50:49.705: [INFO][Sync] ConfigurationDone, failed: , succeeded: , remaining count: 2
2026-09-02 11:50:49.705: [INFO][SyncManagerImpl::ConfigureSyncer] Types to download:  with reason: 4
2026-09-02 11:50:49.705: [INFO][SyncEngineBackend::DoFinishConfigureDataTypes] Failed to download types:  and succeeded types: 
2026-09-02 11:50:49.706: [INFO][Sync] ConfigurationDone, failed: , succeeded: , remaining count: 1
2026-09-02 11:50:49.706: [INFO][SyncManagerImpl::ConfigureSyncer] Types to download:  with reason: 4
2026-09-02 11:50:49.706: [INFO][SyncEngineBackend::DoFinishConfigureDataTypes] Failed to download types:  and succeeded types: 
2026-09-02 11:50:49.706: [INFO][Sync] ConfigurationDone, failed: , succeeded: , remaining count: 0
2026-09-02 11:50:49.706: [INFO][Sync]     Configuration completed, state: 3
2026-09-02 11:50:49.706: [INFO][Sync] Configured DataTypeManager: Ok
2026-09-02 11:50:49.713: [INFO][SyncEngineBackend::DoStartSyncing] Start syncing
2026-09-02 12:05:38.096: [INFO][Sync] Reset engine, reason: 0
2026-09-02 12:05:38.096: [INFO][Sync] Reset engine with reason: 0
2026-09-02 12:05:51.311: [INFO][Sync] SyncState after authenticated was: FeatureNotSetup
2026-09-02 12:05:54.723: [INFO][SyncAuthManager::SetLastAuthError] Current auth error: None
2026-09-02 12:05:54.723: [INFO][SyncAuthManager::EdgeLogTokenErrorState] Token error with: None for account type: MSA
2026-09-02 12:05:54.723: [INFO][Sync] Credentials changed for: EdgeSyncKeyDataScope
2026-09-02 12:06:01.932: [INFO][Sync] Try to start sync engine
2026-09-02 12:06:01.950: [INFO][SyncEngineBackend::LoadAndConnectNigoriController] Load and connect Nigori controller
2026-09-02 12:06:01.950: [INFO][SyncEngineBackend::DoInitialize] Control Types added: 
2026-09-02 12:06:01.950: [INFO][SyncManagerImpl::ConfigureSyncer] Types to download:  with reason: 4
2026-09-02 12:06:01.950: [INFO][SyncEngineBackend::DoUpdateKeyDataCredentials] Update key data credentials
2026-09-02 12:06:01.956: [INFO][Sync] Started DataTypeManager configuration, reason: 4
2026-09-02 12:06:01.956: [INFO][Sync] Configuring for: Extensions, Extension settings, Device Info, User Consents, Send Tab To Self, Web Apps, Encryption Keys, reason: 4, current state: 0
2026-09-02 12:06:01.956: [INFO][SyncEngineBackend::DoStartConfiguration] Start configuration
2026-09-02 12:06:01.958: [INFO][Sync] Configure, desired: Extensions, Extension settings, Device Info, User Consents, Send Tab To Self, Web Apps, Encryption Keys; Allow fail: 
2026-09-02 12:06:01.959: [INFO][Sync] Loading: Extensions
2026-09-02 12:06:01.959: [INFO][Sync] Loading: Extension settings
2026-09-02 12:06:01.959: [INFO][Sync] Loading: Device Info
2026-09-02 12:06:01.959: [INFO][Sync] Loading: User Consents
2026-09-02 12:06:01.959: [INFO][Sync] Loading: Send Tab To Self
2026-09-02 12:06:01.959: [INFO][Sync] Loading: Web Apps
2026-09-02 12:06:01.962: [INFO][SyncAuthManager::SetLastAuthError] Current auth error: None
2026-09-02 12:06:01.962: [INFO][SyncAuthManager::EdgeLogTokenErrorState] Token error with: None for account type: MSA
2026-09-02 12:06:01.962: [INFO][Sync] Credentials changed for: EdgeSyncScopeNew
2026-09-02 12:06:01.962: [INFO][SyncEngineBackend::DoUpdateCredentials] Update credentials
2026-09-02 12:06:01.962: [INFO][SyncEngineBackend::DoUpdateKeyDataCredentials] Update key data credentials
2026-09-02 12:06:01.965: [INFO][Sync] All data types are ready for configure.
2026-09-02 12:06:01.965: [INFO][SyncManagerImpl::ConfigureSyncer] Types to download:  with reason: 4
2026-09-02 12:06:01.965: [INFO][SyncEngineBackend::DoFinishConfigureDataTypes] Failed to download types:  and succeeded types: 
2026-09-02 12:06:01.966: [INFO][Sync] ConfigurationDone, failed: , succeeded: , remaining count: 2
2026-09-02 12:06:01.966: [INFO][SyncManagerImpl::ConfigureSyncer] Types to download:  with reason: 4
2026-09-02 12:06:01.966: [INFO][SyncEngineBackend::DoFinishConfigureDataTypes] Failed to download types:  and succeeded types: 
2026-09-02 12:06:01.971: [INFO][Sync] ConfigurationDone, failed: , succeeded: , remaining count: 1
2026-09-02 12:06:01.971: [INFO][SyncManagerImpl::ConfigureSyncer] Types to download:  with reason: 4
2026-09-02 12:06:01.971: [INFO][SyncEngineBackend::DoFinishConfigureDataTypes] Failed to download types:  and succeeded types: 
2026-09-02 12:06:01.971: [INFO][Sync] ConfigurationDone, failed: , succeeded: , remaining count: 0
2026-09-02 12:06:01.971: [INFO][Sync]     Configuration completed, state: 3
2026-09-02 12:06:01.971: [INFO][Sync] Configured DataTypeManager: Ok
2026-09-02 12:06:01.975: [INFO][SyncEngineBackend::DoStartSyncing] Start syncing
2026-09-02 23:13:56.949: [INFO][SyncSchedulerImpl::OnSyncNetworkError] Syncer error: HTTP error (401)
2026-09-02 23:13:56.949: [INFO][Sync] Connection status changed to: 2
2026-09-02 23:13:56.949: [INFO][Commit::ReportFullCommitFailure] Commit Device Info failed with error: AuthError
2026-09-02 23:13:56.950: [INFO][SyncSchedulerImpl::DoNudgeSyncCycleJob] Syncer error: HTTP error (401)
2026-09-02 23:13:56.966: [WARN][Sync] NetworkError: HTTP error (401)
2026-09-02 23:13:57.116: [INFO][SyncAuthManager::SetLastAuthError] Current auth error: None
2026-09-02 23:13:57.116: [INFO][SyncAuthManager::EdgeLogTokenErrorState] Token error with: None for account type: MSA
2026-09-02 23:13:57.116: [INFO][Sync] Credentials changed for: EdgeSyncKeyDataScope
2026-09-02 23:13:57.116: [INFO][SyncEngineBackend::DoUpdateKeyDataCredentials] Update key data credentials
2026-09-02 23:13:57.943: [INFO][SyncAuthManager::SetLastAuthError] Current auth error: None
2026-09-02 23:13:57.944: [INFO][SyncAuthManager::EdgeLogTokenErrorState] Token error with: None for account type: MSA
2026-09-02 23:13:57.944: [INFO][Sync] Credentials changed for: EdgeSyncScopeNew
2026-09-02 23:13:57.944: [INFO][SyncEngineBackend::DoUpdateCredentials] Update credentials
2026-09-02 23:13:57.944: [INFO][SyncEngineBackend::DoUpdateKeyDataCredentials] Update key data credentials
2026-09-03 09:51:09.247: [INFO][SyncSchedulerImpl::OnSyncNetworkError] Syncer error: Network error (ERR_NAME_NOT_RESOLVED)
2026-09-03 09:51:09.247: [INFO][SyncSchedulerImpl::DoPollSyncCycleJob] Syncer error: Network error (ERR_NAME_NOT_RESOLVED)
2026-09-03 09:51:09.255: [WARN][Sync] NetworkError: Network error (ERR_NAME_NOT_RESOLVED)
2026-09-03 09:51:22.591: [INFO][SyncSchedulerImpl::OnSyncNetworkError] Syncer error: Network error (ERR_NAME_NOT_RESOLVED)
2026-09-03 09:51:22.593: [INFO][SyncSchedulerImpl::DoPollSyncCycleJob] Syncer error: Network error (ERR_NAME_NOT_RESOLVED)
2026-09-03 09:51:22.599: [WARN][Sync] NetworkError: Network error (ERR_NAME_NOT_RESOLVED)
2026-09-03 09:51:27.688: [INFO][SyncSchedulerImpl::OnSyncNetworkError] Syncer error: Network error (ERR_SOCKET_NOT_CONNECTED)
2026-09-03 09:51:27.689: [INFO][SyncSchedulerImpl::DoPollSyncCycleJob] Syncer error: Network error (ERR_SOCKET_NOT_CONNECTED)
2026-09-03 09:51:27.698: [WARN][Sync] NetworkError: Network error (ERR_SOCKET_NOT_CONNECTED)
2026-09-03 09:51:31.470: [INFO][SyncSchedulerImpl::OnSyncNetworkError] Syncer error: HTTP error (401)
2026-09-03 09:51:31.470: [INFO][Sync] Connection status changed to: 2
2026-09-03 09:51:31.470: [INFO][SyncSchedulerImpl::DoPollSyncCycleJob] Syncer error: HTTP error (401)
2026-09-03 09:51:31.488: [WARN][Sync] NetworkError: HTTP error (401)
2026-09-03 09:51:34.230: [INFO][SyncAuthManager::SetLastAuthError] Current auth error: None
2026-09-03 09:51:34.230: [INFO][SyncAuthManager::EdgeLogTokenErrorState] Token error with: None for account type: MSA
2026-09-03 09:51:34.231: [INFO][Sync] Credentials changed for: EdgeSyncKeyDataScope
2026-09-03 09:51:34.231: [INFO][SyncEngineBackend::DoUpdateKeyDataCredentials] Update key data credentials
2026-09-03 09:51:39.787: [INFO][SyncAuthManager::SetLastAuthError] Current auth error: None
2026-09-03 09:51:39.787: [INFO][SyncAuthManager::EdgeLogTokenErrorState] Token error with: None for account type: MSA
2026-09-03 09:51:39.787: [INFO][Sync] Credentials changed for: EdgeSyncScopeNew
2026-09-03 09:51:39.798: [INFO][SyncEngineBackend::DoUpdateCredentials] Update credentials
2026-09-03 09:51:39.798: [INFO][SyncEngineBackend::DoUpdateKeyDataCredentials] Update key data credentials
2026-09-03 17:51:42.253: [INFO][Sync] Connection status changed to: 2
2026-09-03 17:51:42.280: [INFO][SyncAuthManager::SetLastAuthError] Current auth error: None
2026-09-03 17:51:42.282: [INFO][SyncAuthManager::EdgeLogTokenErrorState] Token error with: None for account type: MSA
2026-09-03 17:51:42.282: [INFO][Sync] Credentials changed for: EdgeSyncScopeNew
2026-09-03 17:51:42.935: [INFO][SyncAuthManager::SetLastAuthError] Current auth error: None
2026-09-03 17:51:42.935: [INFO][SyncAuthManager::EdgeLogTokenErrorState] Token error with: None for account type: MSA
2026-09-03 17:51:42.935: [INFO][Sync] Credentials changed for: EdgeSyncKeyDataScope
2026-09-03 17:51:42.936: [INFO][SyncEngineBackend::DoUpdateKeyDataCredentials] Update key data credentials
2026-09-03 17:51:42.936: [INFO][SyncEngineBackend::DoUpdateCredentials] Update credentials
2026-09-04 08:29:37.085: [INFO][Sync] SyncState after authenticated was: FeatureNotSetup
2026-09-04 08:29:42.435: [INFO][SyncAuthManager::SetLastAuthError] Current auth error: None
2026-09-04 08:29:42.435: [INFO][SyncAuthManager::EdgeLogTokenErrorState] Token error with: None for account type: MSA
2026-09-04 08:29:42.436: [INFO][Sync] Credentials changed for: EdgeSyncKeyDataScope
2026-09-04 08:29:47.923: [INFO][Sync] Try to start sync engine
2026-09-04 08:29:47.968: [INFO][SyncEngineBackend::LoadAndConnectNigoriController] Load and connect Nigori controller
2026-09-04 08:29:47.971: [INFO][SyncEngineBackend::DoInitialize] Control Types added: 
2026-09-04 08:29:47.971: [INFO][SyncManagerImpl::ConfigureSyncer] Types to download:  with reason: 4
2026-09-04 08:29:47.974: [INFO][SyncEngineBackend::DoUpdateKeyDataCredentials] Update key data credentials
2026-09-04 08:29:47.995: [INFO][Sync] Started DataTypeManager configuration, reason: 4
2026-09-04 08:29:47.996: [INFO][Sync] Configuring for: Extensions, Extension settings, Device Info, User Consents, Send Tab To Self, Web Apps, Encryption Keys, reason: 4, current state: 0
2026-09-04 08:29:47.997: [INFO][SyncEngineBackend::DoStartConfiguration] Start configuration
2026-09-04 08:29:48.002: [INFO][Sync] Configure, desired: Extensions, Extension settings, Device Info, User Consents, Send Tab To Self, Web Apps, Encryption Keys; Allow fail: 
2026-09-04 08:29:48.003: [INFO][Sync] Loading: Extensions
2026-09-04 08:29:48.003: [INFO][Sync] Loading: Extension settings
2026-09-04 08:29:48.005: [INFO][Sync] Loading: Device Info
2026-09-04 08:29:48.005: [INFO][Sync] Loading: User Consents
2026-09-04 08:29:48.005: [INFO][Sync] Loading: Send Tab To Self
2026-09-04 08:29:48.005: [INFO][Sync] Loading: Web Apps
2026-09-04 08:29:48.012: [INFO][Sync] All data types are ready for configure.
2026-09-04 08:29:48.014: [INFO][SyncManagerImpl::ConfigureSyncer] Types to download:  with reason: 4
2026-09-04 08:29:48.014: [INFO][SyncEngineBackend::DoFinishConfigureDataTypes] Failed to download types:  and succeeded types: 
2026-09-04 08:29:48.022: [INFO][Sync] ConfigurationDone, failed: , succeeded: , remaining count: 2
2026-09-04 08:29:48.023: [INFO][SyncManagerImpl::ConfigureSyncer] Types to download:  with reason: 4
2026-09-04 08:29:48.023: [INFO][SyncEngineBackend::DoFinishConfigureDataTypes] Failed to download types:  and succeeded types: 
2026-09-04 08:29:48.023: [INFO][Sync] ConfigurationDone, failed: , succeeded: , remaining count: 1
2026-09-04 08:29:48.024: [INFO][SyncManagerImpl::ConfigureSyncer] Types to download:  with reason: 4
2026-09-04 08:29:48.024: [INFO][SyncEngineBackend::DoFinishConfigureDataTypes] Failed to download types:  and succeeded types: 
2026-09-04 08:29:48.025: [INFO][Sync] ConfigurationDone, failed: , succeeded: , remaining count: 0
2026-09-04 08:29:48.025: [INFO][Sync]     Configuration completed, state: 3
2026-09-04 08:29:48.028: [INFO][Sync] Configured DataTypeManager: Ok
2026-09-04 08:29:48.043: [INFO][SyncEngineBackend::DoStartSyncing] Start syncing
2026-09-04 08:29:49.025: [INFO][SyncAuthManager::SetLastAuthError] Current auth error: None
2026-09-04 08:29:49.026: [INFO][SyncAuthManager::EdgeLogTokenErrorState] Token error with: None for account type: MSA
2026-09-04 08:29:49.026: [INFO][Sync] Credentials changed for: EdgeSyncScopeNew
2026-09-04 08:29:49.029: [INFO][SyncEngineBackend::DoUpdateCredentials] Update credentials
2026-09-04 08:29:49.029: [INFO][SyncEngineBackend::DoUpdateKeyDataCredentials] Update key data credentials
2026-09-05 02:18:27.232: [INFO][SyncSchedulerImpl::OnSyncNetworkError] Syncer error: Network error (ERR_TIMED_OUT)
2026-09-05 02:18:27.272: [INFO][SyncSchedulerImpl::DoPollSyncCycleJob] Syncer error: Network error (ERR_TIMED_OUT)
2026-09-05 02:18:28.614: [WARN][Sync] NetworkError: Network error (ERR_TIMED_OUT)
2026-09-05 02:18:29.794: [INFO][SyncSchedulerImpl::OnSyncNetworkError] Syncer error: Network error (ERR_INTERNET_DISCONNECTED)
2026-09-05 02:18:29.795: [INFO][SyncSchedulerImpl::DoPollSyncCycleJob] Syncer error: Network error (ERR_INTERNET_DISCONNECTED)
2026-09-05 02:18:29.800: [WARN][Sync] NetworkError: Network error (ERR_INTERNET_DISCONNECTED)
2026-09-05 08:29:53.152: [INFO][SyncSchedulerImpl::OnSyncNetworkError] Syncer error: Network error (ERR_NETWORK_CHANGED)
2026-09-05 08:29:53.152: [INFO][SyncSchedulerImpl::DoPollSyncCycleJob] Syncer error: Network error (ERR_NETWORK_CHANGED)
2026-09-05 08:29:53.158: [WARN][Sync] NetworkError: Network error (ERR_NETWORK_CHANGED)
2026-09-05 08:29:55.162: [INFO][SyncSchedulerImpl::OnSyncNetworkError] Syncer error: HTTP error (401)
2026-09-05 08:29:55.162: [INFO][Sync] Connection status changed to: 2
2026-09-05 08:29:55.163: [INFO][SyncSchedulerImpl::DoPollSyncCycleJob] Syncer error: HTTP error (401)
2026-09-05 08:29:55.176: [WARN][Sync] NetworkError: HTTP error (401)
2026-09-05 08:29:56.232: [INFO][Sync] Connection status changed to: 2
2026-09-05 08:29:56.511: [INFO][SyncAuthManager::SetLastAuthError] Current auth error: None
2026-09-05 08:29:56.511: [INFO][SyncAuthManager::EdgeLogTokenErrorState] Token error with: None for account type: MSA
2026-09-05 08:29:56.511: [INFO][Sync] Credentials changed for: EdgeSyncScopeNew
2026-09-05 08:29:57.048: [INFO][SyncAuthManager::SetLastAuthError] Current auth error: None
2026-09-05 08:29:57.049: [INFO][SyncAuthManager::EdgeLogTokenErrorState] Token error with: None for account type: MSA
2026-09-05 08:29:57.049: [INFO][Sync] Credentials changed for: EdgeSyncKeyDataScope
2026-09-05 08:29:57.049: [INFO][SyncEngineBackend::DoUpdateKeyDataCredentials] Update key data credentials
2026-09-05 08:29:57.049: [INFO][SyncEngineBackend::DoUpdateCredentials] Update credentials
2026-09-05 18:01:57.307: [INFO][Sync] Connection status changed to: 2
2026-09-05 18:01:57.324: [INFO][SyncSchedulerImpl::OnSyncNetworkError] Syncer error: HTTP error (401)
2026-09-05 18:01:57.395: [INFO][SyncSchedulerImpl::DoPollSyncCycleJob] Syncer error: HTTP error (401)
2026-09-05 18:01:57.457: [WARN][Sync] NetworkError: HTTP error (401)
2026-09-05 18:01:57.626: [INFO][SyncAuthManager::SetLastAuthError] Current auth error: None
2026-09-05 18:01:57.628: [INFO][SyncAuthManager::EdgeLogTokenErrorState] Token error with: None for account type: MSA
2026-09-05 18:01:57.628: [INFO][Sync] Credentials changed for: EdgeSyncScopeNew
2026-09-05 18:02:03.961: [INFO][SyncAuthManager::SetLastAuthError] Current auth error: None
2026-09-05 18:02:03.961: [INFO][SyncAuthManager::EdgeLogTokenErrorState] Token error with: None for account type: MSA
2026-09-05 18:02:03.961: [INFO][Sync] Credentials changed for: EdgeSyncKeyDataScope
2026-09-05 18:02:03.964: [INFO][SyncEngineBackend::DoUpdateKeyDataCredentials] Update key data credentials
2026-09-05 18:02:03.966: [INFO][SyncEngineBackend::DoUpdateCredentials] Update credentials
2026-09-06 09:03:43.273: [INFO][Sync] SyncState after authenticated was: FeatureNotSetup
2026-09-06 09:03:53.606: [INFO][Sync] Try to start sync engine
2026-09-06 09:03:54.181: [INFO][SyncEngineBackend::LoadAndConnectNigoriController] Load and connect Nigori controller
2026-09-06 09:03:54.181: [INFO][SyncEngineBackend::DoInitialize] Control Types added: 
2026-09-06 09:03:54.181: [INFO][SyncManagerImpl::ConfigureSyncer] Types to download:  with reason: 4
2026-09-06 09:03:54.199: [INFO][Sync] Started DataTypeManager configuration, reason: 4
2026-09-06 09:03:54.200: [INFO][Sync] Configuring for: Extensions, Extension settings, Device Info, User Consents, Send Tab To Self, Web Apps, Encryption Keys, reason: 4, current state: 0
2026-09-06 09:03:54.203: [INFO][SyncEngineBackend::DoStartConfiguration] Start configuration
2026-09-06 09:03:54.208: [INFO][Sync] Configure, desired: Extensions, Extension settings, Device Info, User Consents, Send Tab To Self, Web Apps, Encryption Keys; Allow fail: 
2026-09-06 09:03:54.208: [INFO][Sync] Loading: Extensions
2026-09-06 09:03:54.208: [INFO][Sync] Loading: Extension settings
2026-09-06 09:03:54.209: [INFO][Sync] Loading: Device Info
2026-09-06 09:03:54.209: [INFO][Sync] Loading: User Consents
2026-09-06 09:03:54.209: [INFO][Sync] Loading: Send Tab To Self
2026-09-06 09:03:54.209: [INFO][Sync] Loading: Web Apps
2026-09-06 09:03:54.216: [INFO][Sync] All data types are ready for configure.
2026-09-06 09:03:54.221: [INFO][SyncManagerImpl::ConfigureSyncer] Types to download:  with reason: 4
2026-09-06 09:03:54.221: [INFO][SyncEngineBackend::DoFinishConfigureDataTypes] Failed to download types:  and succeeded types: 
2026-09-06 09:03:54.262: [INFO][Sync] ConfigurationDone, failed: , succeeded: , remaining count: 2
2026-09-06 09:03:54.273: [INFO][SyncManagerImpl::ConfigureSyncer] Types to download:  with reason: 4
2026-09-06 09:03:54.273: [INFO][SyncEngineBackend::DoFinishConfigureDataTypes] Failed to download types:  and succeeded types: 
2026-09-06 09:03:54.274: [INFO][Sync] ConfigurationDone, failed: , succeeded: , remaining count: 1
2026-09-06 09:03:54.274: [INFO][SyncManagerImpl::ConfigureSyncer] Types to download:  with reason: 4
2026-09-06 09:03:54.274: [INFO][SyncEngineBackend::DoFinishConfigureDataTypes] Failed to download types:  and succeeded types: 
2026-09-06 09:03:54.302: [INFO][Sync] ConfigurationDone, failed: , succeeded: , remaining count: 0
2026-09-06 09:03:54.302: [INFO][Sync]     Configuration completed, state: 3
2026-09-06 09:03:54.302: [INFO][Sync] Configured DataTypeManager: Ok
2026-09-06 09:03:54.341: [INFO][SyncEngineBackend::DoStartSyncing] Start syncing
2026-09-06 09:03:54.896: [INFO][SyncAuthManager::SetLastAuthError] Current auth error: None
2026-09-06 09:03:54.896: [INFO][SyncAuthManager::EdgeLogTokenErrorState] Token error with: None for account type: MSA
2026-09-06 09:03:54.896: [INFO][Sync] Credentials changed for: EdgeSyncScopeNew
2026-09-06 09:03:57.065: [INFO][SyncAuthManager::SetLastAuthError] Current auth error: None
2026-09-06 09:03:57.065: [INFO][SyncAuthManager::EdgeLogTokenErrorState] Token error with: None for account type: MSA
2026-09-06 09:03:57.065: [INFO][Sync] Credentials changed for: EdgeSyncKeyDataScope
2026-09-06 09:03:57.065: [INFO][SyncEngineBackend::DoUpdateKeyDataCredentials] Update key data credentials
2026-09-06 09:03:57.065: [INFO][SyncEngineBackend::DoUpdateCredentials] Update credentials
2026-09-06 22:54:15.035: [INFO][SyncSchedulerImpl::OnSyncNetworkError] Syncer error: HTTP error (401)
2026-09-06 22:54:15.035: [INFO][Sync] Connection status changed to: 2
2026-09-06 22:54:15.037: [INFO][SyncSchedulerImpl::DoNudgeSyncCycleJob] Syncer error: HTTP error (401)
2026-09-06 22:54:15.046: [WARN][Sync] NetworkError: HTTP error (401)
2026-09-06 22:54:15.110: [INFO][SyncAuthManager::SetLastAuthError] Current auth error: None
2026-09-06 22:54:15.111: [INFO][SyncAuthManager::EdgeLogTokenErrorState] Token error with: None for account type: MSA
2026-09-06 22:54:15.111: [INFO][Sync] Credentials changed for: EdgeSyncScopeNew
2026-09-06 22:54:15.346: [INFO][SyncAuthManager::SetLastAuthError] Current auth error: None
2026-09-06 22:54:15.346: [INFO][SyncAuthManager::EdgeLogTokenErrorState] Token error with: None for account type: MSA
2026-09-06 22:54:15.346: [INFO][Sync] Credentials changed for: EdgeSyncKeyDataScope
2026-09-06 22:54:15.347: [INFO][SyncEngineBackend::DoUpdateKeyDataCredentials] Update key data credentials
2026-09-06 22:54:15.347: [INFO][SyncEngineBackend::DoUpdateCredentials] Update credentials
2026-09-07 09:09:29.770: [INFO][SyncSchedulerImpl::OnSyncNetworkError] Syncer error: Network error (ERR_NETWORK_CHANGED)
2026-09-07 09:09:29.772: [INFO][SyncSchedulerImpl::DoPollSyncCycleJob] Syncer error: Network error (ERR_NETWORK_CHANGED)
2026-09-07 09:09:29.806: [WARN][Sync] NetworkError: Network error (ERR_NETWORK_CHANGED)
2026-09-07 09:09:39.034: [INFO][Sync] Connection status changed to: 2
2026-09-07 09:09:39.644: [INFO][SyncSchedulerImpl::OnSyncNetworkError] Syncer error: HTTP error (401)
2026-09-07 09:09:39.644: [INFO][Sync] Connection status changed to: 2
2026-09-07 09:09:39.656: [WARN][Sync] NetworkError: HTTP error (401)
2026-09-07 09:09:39.719: [INFO][Commit::ReportFullCommitFailure] Commit Device Info failed with error: AuthError
2026-09-07 09:09:39.720: [INFO][SyncSchedulerImpl::DoNudgeSyncCycleJob] Syncer error: HTTP error (401)
2026-09-07 09:09:40.252: [INFO][SyncAuthManager::SetLastAuthError] Current auth error: None
2026-09-07 09:09:40.252: [INFO][SyncAuthManager::EdgeLogTokenErrorState] Token error with: None for account type: MSA
2026-09-07 09:09:40.252: [INFO][Sync] Credentials changed for: EdgeSyncScopeNew
2026-09-07 09:09:41.855: [INFO][SyncAuthManager::SetLastAuthError] Current auth error: None
2026-09-07 09:09:41.855: [INFO][SyncAuthManager::EdgeLogTokenErrorState] Token error with: None for account type: MSA
2026-09-07 09:09:41.855: [INFO][Sync] Credentials changed for: EdgeSyncKeyDataScope
2026-09-07 09:09:41.856: [INFO][SyncEngineBackend::DoUpdateKeyDataCredentials] Update key data credentials
2026-09-07 09:09:41.856: [INFO][SyncEngineBackend::DoUpdateCredentials] Update credentials
2026-09-07 17:49:10.601: [INFO][SyncSchedulerImpl::OnSyncNetworkError] Syncer error: HTTP error (401)
2026-09-07 17:49:10.601: [INFO][Sync] Connection status changed to: 2
2026-09-07 17:49:10.626: [WARN][Sync] NetworkError: HTTP error (401)
2026-09-07 17:49:10.632: [INFO][SyncSchedulerImpl::DoNudgeSyncCycleJob] Syncer error: HTTP error (401)
2026-09-07 17:49:10.958: [INFO][SyncAuthManager::SetLastAuthError] Current auth error: None
2026-09-07 17:49:10.961: [INFO][SyncAuthManager::EdgeLogTokenErrorState] Token error with: None for account type: MSA
2026-09-07 17:49:10.962: [INFO][Sync] Credentials changed for: EdgeSyncScopeNew
2026-09-07 17:49:13.430: [INFO][SyncAuthManager::SetLastAuthError] Current auth error: None
2026-09-07 17:49:13.430: [INFO][SyncAuthManager::EdgeLogTokenErrorState] Token error with: None for account type: MSA
2026-09-07 17:49:13.430: [INFO][Sync] Credentials changed for: EdgeSyncKeyDataScope
2026-09-07 17:49:13.433: [INFO][SyncEngineBackend::DoUpdateKeyDataCredentials] Update key data credentials
2026-09-07 17:49:13.434: [INFO][SyncEngineBackend::DoUpdateCredentials] Update credentials
2026-09-08 09:07:13.090: [INFO][SyncSchedulerImpl::OnSyncNetworkError] Syncer error: Network error (ERR_INTERNET_DISCONNECTED)
2026-09-08 09:07:13.092: [INFO][SyncSchedulerImpl::DoPollSyncCycleJob] Syncer error: Network error (ERR_INTERNET_DISCONNECTED)
2026-09-08 09:07:13.114: [WARN][Sync] NetworkError: Network error (ERR_INTERNET_DISCONNECTED)
2026-09-08 09:07:19.889: [INFO][SyncSchedulerImpl::OnSyncNetworkError] Syncer error: Network error (ERR_NETWORK_CHANGED)
2026-09-08 09:07:19.889: [INFO][SyncSchedulerImpl::DoPollSyncCycleJob] Syncer error: Network error (ERR_NETWORK_CHANGED)
2026-09-08 09:07:19.896: [WARN][Sync] NetworkError: Network error (ERR_NETWORK_CHANGED)
2026-09-08 09:07:22.620: [INFO][SyncSchedulerImpl::OnSyncNetworkError] Syncer error: HTTP error (401)
2026-09-08 09:07:22.621: [INFO][SyncSchedulerImpl::DoPollSyncCycleJob] Syncer error: HTTP error (401)
2026-09-08 09:07:22.623: [INFO][Sync] Connection status changed to: 2
2026-09-08 09:07:22.639: [WARN][Sync] NetworkError: HTTP error (401)
2026-09-08 09:07:25.660: [INFO][SyncAuthManager::SetLastAuthError] Current auth error: None
2026-09-08 09:07:25.660: [INFO][SyncAuthManager::EdgeLogTokenErrorState] Token error with: None for account type: MSA
2026-09-08 09:07:25.660: [INFO][Sync] Credentials changed for: EdgeSyncScopeNew
2026-09-08 09:07:27.474: [INFO][SyncAuthManager::SetLastAuthError] Current auth error: None
2026-09-08 09:07:27.474: [INFO][SyncAuthManager::EdgeLogTokenErrorState] Token error with: None for account type: MSA
2026-09-08 09:07:27.474: [INFO][Sync] Credentials changed for: EdgeSyncKeyDataScope
2026-09-08 09:07:27.474: [INFO][SyncEngineBackend::DoUpdateKeyDataCredentials] Update key data credentials
2026-09-08 09:07:27.474: [INFO][SyncEngineBackend::DoUpdateCredentials] Update credentials
2026-09-08 09:22:41.183: [INFO][Sync] Connection status changed to: 2
2026-09-08 09:22:42.722: [INFO][SyncAuthManager::SetLastAuthError] Current auth error: None
2026-09-08 09:22:42.723: [INFO][SyncAuthManager::EdgeLogTokenErrorState] Token error with: None for account type: MSA
2026-09-08 09:22:42.723: [INFO][Sync] Credentials changed for: EdgeSyncScopeNew
2026-09-08 09:22:42.744: [INFO][SyncAuthManager::SetLastAuthError] Current auth error: None
2026-09-08 09:22:42.744: [INFO][SyncAuthManager::EdgeLogTokenErrorState] Token error with: None for account type: MSA
2026-09-08 09:22:42.744: [INFO][Sync] Credentials changed for: EdgeSyncKeyDataScope
2026-09-08 09:22:42.744: [INFO][SyncEngineBackend::DoUpdateKeyDataCredentials] Update key data credentials
2026-09-08 09:22:42.744: [INFO][SyncEngineBackend::DoUpdateCredentials] Update credentials
2026-09-08 10:55:46.561: [INFO][Sync] Connection status changed to: 2
2026-09-08 10:55:49.567: [INFO][SyncAuthManager::SetLastAuthError] Current auth error: None
2026-09-08 10:55:49.568: [INFO][SyncAuthManager::EdgeLogTokenErrorState] Token error with: None for account type: MSA
2026-09-08 10:55:49.568: [INFO][Sync] Credentials changed for: EdgeSyncScopeNew
2026-09-08 10:55:51.991: [INFO][SyncAuthManager::SetLastAuthError] Current auth error: None
2026-09-08 10:55:51.992: [INFO][SyncAuthManager::EdgeLogTokenErrorState] Token error with: None for account type: MSA
2026-09-08 10:55:51.992: [INFO][Sync] Credentials changed for: EdgeSyncKeyDataScope
2026-09-08 10:55:51.992: [INFO][SyncEngineBackend::DoUpdateKeyDataCredentials] Update key data credentials
2026-09-08 10:55:51.996: [INFO][SyncEngineBackend::DoUpdateCredentials] Update credentials
2026-09-08 13:04:38.599: [INFO][Sync] Connection status changed to: 2
2026-09-08 13:04:42.064: [INFO][SyncAuthManager::SetLastAuthError] Current auth error: None
2026-09-08 13:04:42.064: [INFO][SyncAuthManager::EdgeLogTokenErrorState] Token error with: None for account type: MSA
2026-09-08 13:04:42.064: [INFO][Sync] Credentials changed for: EdgeSyncScopeNew
2026-09-08 13:04:43.381: [INFO][SyncAuthManager::SetLastAuthError] Current auth error: None
2026-09-08 13:04:43.382: [INFO][SyncAuthManager::EdgeLogTokenErrorState] Token error with: None for account type: MSA
2026-09-08 13:04:43.382: [INFO][Sync] Credentials changed for: EdgeSyncKeyDataScope
2026-09-08 13:04:43.382: [INFO][SyncEngineBackend::DoUpdateKeyDataCredentials] Update key data credentials
2026-09-08 13:04:43.383: [INFO][SyncEngineBackend::DoUpdateCredentials] Update credentials
2026-09-08 21:54:15.287: [INFO][SyncSchedulerImpl::OnSyncNetworkError] Syncer error: HTTP error (401)
2026-09-08 21:54:15.288: [INFO][Sync] Connection status changed to: 2
2026-09-08 21:54:15.295: [INFO][SyncSchedulerImpl::DoNudgeSyncCycleJob] Syncer error: HTTP error (401)
2026-09-08 21:54:15.303: [WARN][Sync] NetworkError: HTTP error (401)
2026-09-08 21:54:15.546: [INFO][SyncAuthManager::SetLastAuthError] Current auth error: None
2026-09-08 21:54:15.546: [INFO][SyncAuthManager::EdgeLogTokenErrorState] Token error with: None for account type: MSA
2026-09-08 21:54:15.547: [INFO][Sync] Credentials changed for: EdgeSyncScopeNew
2026-09-08 21:54:16.140: [INFO][SyncAuthManager::SetLastAuthError] Current auth error: None
2026-09-08 21:54:16.140: [INFO][SyncAuthManager::EdgeLogTokenErrorState] Token error with: None for account type: MSA
2026-09-08 21:54:16.140: [INFO][Sync] Credentials changed for: EdgeSyncKeyDataScope
2026-09-08 21:54:16.141: [INFO][SyncEngineBackend::DoUpdateKeyDataCredentials] Update key data credentials
2026-09-08 21:54:16.141: [INFO][SyncEngineBackend::DoUpdateCredentials] Update credentials
2026-09-09 10:11:35.424: [INFO][SyncSchedulerImpl::OnSyncNetworkError] Syncer error: HTTP error (401)
2026-09-09 10:11:35.424: [INFO][Sync] Connection status changed to: 2
2026-09-09 10:11:35.485: [WARN][Sync] NetworkError: HTTP error (401)
2026-09-09 10:11:35.609: [INFO][SyncSchedulerImpl::DoPollSyncCycleJob] Syncer error: HTTP error (401)
2026-09-09 10:11:40.026: [INFO][SyncAuthManager::SetLastAuthError] Current auth error: None
2026-09-09 10:11:40.026: [INFO][SyncAuthManager::EdgeLogTokenErrorState] Token error with: None for account type: MSA
2026-09-09 10:11:40.026: [INFO][Sync] Credentials changed for: EdgeSyncKeyDataScope
2026-09-09 10:11:40.026: [INFO][SyncEngineBackend::DoUpdateKeyDataCredentials] Update key data credentials
2026-09-09 10:11:40.363: [INFO][SyncAuthManager::SetLastAuthError] Current auth error: None
2026-09-09 10:11:40.363: [INFO][SyncAuthManager::EdgeLogTokenErrorState] Token error with: None for account type: MSA
2026-09-09 10:11:40.364: [INFO][Sync] Credentials changed for: EdgeSyncScopeNew
2026-09-09 10:11:40.364: [INFO][SyncEngineBackend::DoUpdateCredentials] Update credentials
2026-09-09 10:11:40.364: [INFO][SyncEngineBackend::DoUpdateKeyDataCredentials] Update key data credentials
2026-09-09 14:12:28.424: [INFO][Sync] Connection status changed to: 2
2026-09-09 14:12:28.752: [INFO][SyncAuthManager::SetLastAuthError] Current auth error: None
2026-09-09 14:12:28.752: [INFO][SyncAuthManager::EdgeLogTokenErrorState] Token error with: None for account type: MSA
2026-09-09 14:12:28.752: [INFO][Sync] Credentials changed for: EdgeSyncScopeNew
2026-09-09 14:12:29.256: [INFO][SyncAuthManager::SetLastAuthError] Current auth error: None
2026-09-09 14:12:29.256: [INFO][SyncAuthManager::EdgeLogTokenErrorState] Token error with: None for account type: MSA
2026-09-09 14:12:29.257: [INFO][Sync] Credentials changed for: EdgeSyncKeyDataScope
2026-09-09 14:12:29.257: [INFO][SyncEngineBackend::DoUpdateKeyDataCredentials] Update key data credentials
2026-09-09 14:12:29.257: [INFO][SyncEngineBackend::DoUpdateCredentials] Update credentials
2026-09-10 08:45:29.121: [INFO][SyncSchedulerImpl::OnSyncNetworkError] Syncer error: Network error (ERR_INTERNET_DISCONNECTED)
2026-09-10 08:45:29.130: [WARN][Sync] NetworkError: Network error (ERR_INTERNET_DISCONNECTED)
2026-09-10 08:45:29.591: [INFO][SyncSchedulerImpl::DoPollSyncCycleJob] Syncer error: Network error (ERR_INTERNET_DISCONNECTED)
2026-09-10 08:45:32.268: [INFO][SyncSchedulerImpl::OnSyncNetworkError] Syncer error: Network error (ERR_INTERNET_DISCONNECTED)
2026-09-10 08:45:32.268: [INFO][SyncSchedulerImpl::DoPollSyncCycleJob] Syncer error: Network error (ERR_INTERNET_DISCONNECTED)
2026-09-10 08:45:32.275: [WARN][Sync] NetworkError: Network error (ERR_INTERNET_DISCONNECTED)
2026-09-10 08:45:36.064: [INFO][SyncSchedulerImpl::OnSyncNetworkError] Syncer error: Network error (ERR_INTERNET_DISCONNECTED)
2026-09-10 08:45:36.068: [INFO][SyncSchedulerImpl::DoPollSyncCycleJob] Syncer error: Network error (ERR_INTERNET_DISCONNECTED)
2026-09-10 08:45:36.074: [WARN][Sync] NetworkError: Network error (ERR_INTERNET_DISCONNECTED)
2026-09-10 08:45:45.462: [INFO][SyncSchedulerImpl::OnSyncNetworkError] Syncer error: Network error (ERR_INTERNET_DISCONNECTED)
2026-09-10 08:45:45.462: [INFO][SyncSchedulerImpl::DoPollSyncCycleJob] Syncer error: Network error (ERR_INTERNET_DISCONNECTED)
2026-09-10 08:45:45.467: [WARN][Sync] NetworkError: Network error (ERR_INTERNET_DISCONNECTED)
2026-09-10 08:45:59.533: [INFO][SyncSchedulerImpl::OnSyncNetworkError] Syncer error: Network error (ERR_INTERNET_DISCONNECTED)
2026-09-10 08:45:59.533: [INFO][SyncSchedulerImpl::DoPollSyncCycleJob] Syncer error: Network error (ERR_INTERNET_DISCONNECTED)
2026-09-10 08:45:59.537: [WARN][Sync] NetworkError: Network error (ERR_INTERNET_DISCONNECTED)
2026-09-10 08:46:32.188: [INFO][Sync] Connection status changed to: 2
2026-09-10 08:46:32.188: [INFO][SyncSchedulerImpl::OnSyncNetworkError] Syncer error: HTTP error (401)
2026-09-10 08:46:32.189: [INFO][SyncSchedulerImpl::DoPollSyncCycleJob] Syncer error: HTTP error (401)
2026-09-10 08:46:32.201: [WARN][Sync] NetworkError: HTTP error (401)
2026-09-10 08:46:35.003: [INFO][SyncAuthManager::SetLastAuthError] Current auth error: None
2026-09-10 08:46:35.003: [INFO][SyncAuthManager::EdgeLogTokenErrorState] Token error with: None for account type: MSA
2026-09-10 08:46:35.003: [INFO][Sync] Credentials changed for: EdgeSyncScopeNew
2026-09-10 08:46:35.164: [INFO][SyncAuthManager::SetLastAuthError] Current auth error: None
2026-09-10 08:46:35.164: [INFO][SyncAuthManager::EdgeLogTokenErrorState] Token error with: None for account type: MSA
2026-09-10 08:46:35.164: [INFO][Sync] Credentials changed for: EdgeSyncKeyDataScope
2026-09-10 08:46:35.166: [INFO][SyncEngineBackend::DoUpdateKeyDataCredentials] Update key data credentials
2026-09-10 08:46:35.168: [INFO][SyncEngineBackend::DoUpdateCredentials] Update credentials
2026-09-10 14:59:51.110: [INFO][Sync] Connection status changed to: 2
2026-09-10 14:59:51.208: [INFO][SyncAuthManager::SetLastAuthError] Current auth error: None
2026-09-10 14:59:51.208: [INFO][SyncAuthManager::EdgeLogTokenErrorState] Token error with: None for account type: MSA
2026-09-10 14:59:51.208: [INFO][Sync] Credentials changed for: EdgeSyncScopeNew
2026-09-10 14:59:51.479: [INFO][SyncAuthManager::SetLastAuthError] Current auth error: None
2026-09-10 14:59:51.479: [INFO][SyncAuthManager::EdgeLogTokenErrorState] Token error with: None for account type: MSA
2026-09-10 14:59:51.480: [INFO][Sync] Credentials changed for: EdgeSyncKeyDataScope
2026-09-10 14:59:51.481: [INFO][SyncEngineBackend::DoUpdateKeyDataCredentials] Update key data credentials
2026-09-10 14:59:51.481: [INFO][SyncEngineBackend::DoUpdateCredentials] Update credentials
2026-09-11 08:51:23.618: [INFO][SyncSchedulerImpl::OnSyncNetworkError] Syncer error: Network error (ERR_SOCKET_NOT_CONNECTED)
2026-09-11 08:51:23.663: [INFO][SyncSchedulerImpl::DoPollSyncCycleJob] Syncer error: Network error (ERR_SOCKET_NOT_CONNECTED)
2026-09-11 08:51:23.667: [WARN][Sync] NetworkError: Network error (ERR_SOCKET_NOT_CONNECTED)
2026-09-11 08:51:27.295: [INFO][SyncSchedulerImpl::OnSyncNetworkError] Syncer error: HTTP error (401)
2026-09-11 08:51:27.296: [INFO][SyncSchedulerImpl::DoPollSyncCycleJob] Syncer error: HTTP error (401)
2026-09-11 08:51:27.303: [INFO][Sync] Connection status changed to: 2
2026-09-11 08:51:27.317: [WARN][Sync] NetworkError: HTTP error (401)
2026-09-11 08:51:34.030: [INFO][SyncAuthManager::SetLastAuthError] Current auth error: None
2026-09-11 08:51:34.031: [INFO][SyncAuthManager::EdgeLogTokenErrorState] Token error with: None for account type: MSA
2026-09-11 08:51:34.031: [INFO][Sync] Credentials changed for: EdgeSyncKeyDataScope
2026-09-11 08:51:34.032: [INFO][SyncEngineBackend::DoUpdateKeyDataCredentials] Update key data credentials
2026-09-11 08:51:35.427: [INFO][SyncAuthManager::SetLastAuthError] Current auth error: None
2026-09-11 08:51:35.427: [INFO][SyncAuthManager::EdgeLogTokenErrorState] Token error with: None for account type: MSA
2026-09-11 08:51:35.427: [INFO][Sync] Credentials changed for: EdgeSyncScopeNew
2026-09-11 08:51:35.428: [INFO][SyncEngineBackend::DoUpdateCredentials] Update credentials
2026-09-11 08:51:35.429: [INFO][SyncEngineBackend::DoUpdateKeyDataCredentials] Update key data credentials
2026-09-11 10:55:20.019: [INFO][SyncSchedulerImpl::OnSyncNetworkError] Syncer error: Network error (ERR_NETWORK_CHANGED)
2026-09-11 10:55:20.105: [WARN][Sync] NetworkError: Network error (ERR_NETWORK_CHANGED)
2026-09-11 10:55:20.109: [INFO][Commit::ReportFullCommitFailure] Commit Device Info failed with error: NetworkError
2026-09-11 10:55:20.305: [INFO][SyncSchedulerImpl::DoNudgeSyncCycleJob] Syncer error: Network error (ERR_NETWORK_CHANGED)
2026-09-11 10:55:29.387: [INFO][SyncSchedulerImpl::OnSyncNetworkError] Syncer error: Network error (ERR_NAME_NOT_RESOLVED)
2026-09-11 10:55:29.388: [INFO][Commit::ReportFullCommitFailure] Commit Device Info failed with error: NetworkError
2026-09-11 10:55:29.388: [INFO][SyncSchedulerImpl::DoNudgeSyncCycleJob] Syncer error: Network error (ERR_NAME_NOT_RESOLVED)
2026-09-11 10:55:29.392: [WARN][Sync] NetworkError: Network error (ERR_NAME_NOT_RESOLVED)
2026-09-11 10:55:33.100: [INFO][SyncSchedulerImpl::OnSyncNetworkError] Syncer error: Network error (ERR_NETWORK_CHANGED)
2026-09-11 10:55:33.100: [INFO][Commit::ReportFullCommitFailure] Commit Device Info failed with error: NetworkError
2026-09-11 10:55:33.100: [INFO][SyncSchedulerImpl::DoNudgeSyncCycleJob] Syncer error: Network error (ERR_NETWORK_CHANGED)
2026-09-11 10:55:33.106: [WARN][Sync] NetworkError: Network error (ERR_NETWORK_CHANGED)
2026-09-11 17:28:15.837: [INFO][SyncSchedulerImpl::OnSyncNetworkError] Syncer error: HTTP error (401)
2026-09-11 17:28:15.837: [INFO][Sync] Connection status changed to: 2
2026-09-11 17:28:15.838: [INFO][SyncSchedulerImpl::DoPollSyncCycleJob] Syncer error: HTTP error (401)
2026-09-11 17:28:15.870: [WARN][Sync] NetworkError: HTTP error (401)
2026-09-11 17:28:17.028: [INFO][Sync] Connection status changed to: 2
2026-09-11 17:28:20.416: [INFO][SyncAuthManager::SetLastAuthError] Current auth error: None
2026-09-11 17:28:20.416: [INFO][SyncAuthManager::EdgeLogTokenErrorState] Token error with: None for account type: MSA
2026-09-11 17:28:20.416: [INFO][Sync] Credentials changed for: EdgeSyncKeyDataScope
2026-09-11 17:28:20.417: [INFO][SyncEngineBackend::DoUpdateKeyDataCredentials] Update key data credentials
2026-09-11 17:28:20.512: [INFO][SyncAuthManager::SetLastAuthError] Current auth error: None
2026-09-11 17:28:20.512: [INFO][SyncAuthManager::EdgeLogTokenErrorState] Token error with: None for account type: MSA
2026-09-11 17:28:20.512: [INFO][Sync] Credentials changed for: EdgeSyncScopeNew
2026-09-11 17:28:20.512: [INFO][SyncEngineBackend::DoUpdateCredentials] Update credentials
2026-09-11 17:28:20.517: [INFO][SyncEngineBackend::DoUpdateKeyDataCredentials] Update key data credentials
2026-09-12 09:07:04.126: [INFO][SyncSchedulerImpl::OnSyncNetworkError] Syncer error: Network error (ERR_NAME_NOT_RESOLVED)
2026-09-12 09:07:04.173: [WARN][Sync] NetworkError: Network error (ERR_NAME_NOT_RESOLVED)
2026-09-12 09:07:04.555: [INFO][SyncSchedulerImpl::DoPollSyncCycleJob] Syncer error: Network error (ERR_NAME_NOT_RESOLVED)
2026-09-12 09:07:10.388: [INFO][SyncSchedulerImpl::OnSyncNetworkError] Syncer error: HTTP error (401)
2026-09-12 09:07:10.388: [INFO][Sync] Connection status changed to: 2
2026-09-12 09:07:10.389: [INFO][SyncSchedulerImpl::DoPollSyncCycleJob] Syncer error: HTTP error (401)
2026-09-12 09:07:10.402: [WARN][Sync] NetworkError: HTTP error (401)
2026-09-12 09:07:10.766: [INFO][SyncAuthManager::SetLastAuthError] Current auth error: None
2026-09-12 09:07:10.766: [INFO][SyncAuthManager::EdgeLogTokenErrorState] Token error with: None for account type: MSA
2026-09-12 09:07:10.766: [INFO][Sync] Credentials changed for: EdgeSyncScopeNew
2026-09-12 09:07:14.562: [INFO][SyncAuthManager::SetLastAuthError] Current auth error: None
2026-09-12 09:07:14.562: [INFO][SyncAuthManager::EdgeLogTokenErrorState] Token error with: None for account type: MSA
2026-09-12 09:07:14.562: [INFO][Sync] Credentials changed for: EdgeSyncKeyDataScope
2026-09-12 09:07:14.564: [INFO][SyncEngineBackend::DoUpdateKeyDataCredentials] Update key data credentials
2026-09-12 09:07:14.564: [INFO][SyncEngineBackend::DoUpdateCredentials] Update credentials
2026-09-12 18:50:12.278: [INFO][SyncSchedulerImpl::OnSyncNetworkError] Syncer error: Network error (ERR_NETWORK_CHANGED)
2026-09-12 18:50:12.302: [WARN][Sync] NetworkError: Network error (ERR_NETWORK_CHANGED)
2026-09-12 18:50:12.351: [INFO][SyncSchedulerImpl::DoPollSyncCycleJob] Syncer error: Network error (ERR_NETWORK_CHANGED)
2026-09-12 18:50:19.965: [INFO][Sync] Connection status changed to: 2
2026-09-12 18:50:20.604: [INFO][SyncAuthManager::SetLastAuthError] Current auth error: None
2026-09-12 18:50:20.605: [INFO][SyncAuthManager::EdgeLogTokenErrorState] Token error with: None for account type: MSA
2026-09-12 18:50:20.605: [INFO][Sync] Credentials changed for: EdgeSyncScopeNew
2026-09-12 18:50:23.493: [INFO][Sync] Connection status changed to: 2
2026-09-12 18:50:23.493: [INFO][SyncSchedulerImpl::OnSyncNetworkError] Syncer error: HTTP error (401)
2026-09-12 18:50:23.493: [INFO][SyncSchedulerImpl::DoPollSyncCycleJob] Syncer error: HTTP error (401)
2026-09-12 18:50:23.505: [WARN][Sync] NetworkError: HTTP error (401)
2026-09-12 18:50:23.939: [INFO][Sync] Connection status changed to: 2
2026-09-12 18:50:25.189: [INFO][SyncAuthManager::SetLastAuthError] Current auth error: None
2026-09-12 18:50:25.189: [INFO][SyncAuthManager::EdgeLogTokenErrorState] Token error with: None for account type: MSA
2026-09-12 18:50:25.189: [INFO][Sync] Credentials changed for: EdgeSyncScopeNew
2026-09-12 18:50:28.425: [INFO][SyncAuthManager::SetLastAuthError] Current auth error: None
2026-09-12 18:50:28.425: [INFO][SyncAuthManager::EdgeLogTokenErrorState] Token error with: None for account type: MSA
2026-09-12 18:50:28.425: [INFO][Sync] Credentials changed for: EdgeSyncKeyDataScope
2026-09-12 18:50:28.426: [INFO][SyncEngineBackend::DoUpdateKeyDataCredentials] Update key data credentials
2026-09-12 18:50:28.427: [INFO][SyncEngineBackend::DoUpdateCredentials] Update credentials
2026-09-12 23:42:26.878: [INFO][Sync] Connection status changed to: 2
2026-09-12 23:42:26.878: [INFO][SyncSchedulerImpl::OnSyncNetworkError] Syncer error: HTTP error (401)
2026-09-12 23:42:26.918: [WARN][Sync] NetworkError: HTTP error (401)
2026-09-12 23:42:27.175: [INFO][SyncSchedulerImpl::DoNudgeSyncCycleJob] Syncer error: HTTP error (401)
2026-09-12 23:42:27.681: [INFO][SyncAuthManager::SetLastAuthError] Current auth error: None
2026-09-12 23:42:27.681: [INFO][SyncAuthManager::EdgeLogTokenErrorState] Token error with: None for account type: MSA
2026-09-12 23:42:27.681: [INFO][Sync] Credentials changed for: EdgeSyncScopeNew
2026-09-12 23:42:28.879: [INFO][SyncAuthManager::SetLastAuthError] Current auth error: None
2026-09-12 23:42:28.879: [INFO][SyncAuthManager::EdgeLogTokenErrorState] Token error with: None for account type: MSA
2026-09-12 23:42:28.879: [INFO][Sync] Credentials changed for: EdgeSyncKeyDataScope
2026-09-12 23:42:28.880: [INFO][SyncEngineBackend::DoUpdateKeyDataCredentials] Update key data credentials
2026-09-12 23:42:28.880: [INFO][SyncEngineBackend::DoUpdateCredentials] Update credentials
2026-09-13 02:57:41.786: [INFO][SyncSchedulerImpl::OnSyncNetworkError] Syncer error: Network error (ERR_INTERNET_DISCONNECTED)
2026-09-13 02:57:41.982: [WARN][Sync] NetworkError: Network error (ERR_INTERNET_DISCONNECTED)
2026-09-13 02:57:42.099: [INFO][SyncSchedulerImpl::DoPollSyncCycleJob] Syncer error: Network error (ERR_INTERNET_DISCONNECTED)
2026-09-13 02:57:44.739: [INFO][SyncSchedulerImpl::OnSyncNetworkError] Syncer error: Network error (ERR_INTERNET_DISCONNECTED)
2026-09-13 02:57:44.739: [INFO][SyncSchedulerImpl::DoPollSyncCycleJob] Syncer error: Network error (ERR_INTERNET_DISCONNECTED)
2026-09-13 02:57:44.745: [WARN][Sync] NetworkError: Network error (ERR_INTERNET_DISCONNECTED)
2026-09-13 02:57:50.996: [INFO][SyncSchedulerImpl::OnSyncNetworkError] Syncer error: Network error (ERR_INTERNET_DISCONNECTED)
2026-09-13 02:57:50.998: [INFO][SyncSchedulerImpl::DoPollSyncCycleJob] Syncer error: Network error (ERR_INTERNET_DISCONNECTED)
2026-09-13 02:57:51.003: [WARN][Sync] NetworkError: Network error (ERR_INTERNET_DISCONNECTED)
2026-09-13 02:58:06.643: [INFO][SyncSchedulerImpl::OnSyncNetworkError] Syncer error: Network error (ERR_INTERNET_DISCONNECTED)
2026-09-13 02:58:06.643: [INFO][SyncSchedulerImpl::DoPollSyncCycleJob] Syncer error: Network error (ERR_INTERNET_DISCONNECTED)
2026-09-13 02:58:06.647: [WARN][Sync] NetworkError: Network error (ERR_INTERNET_DISCONNECTED)
2026-09-13 09:36:27.387: [INFO][Sync] SyncState after authenticated was: FeatureNotSetup
2026-09-13 09:36:35.293: [INFO][SyncAuthManager::SetLastAuthError] Current auth error: None
2026-09-13 09:36:35.294: [INFO][SyncAuthManager::EdgeLogTokenErrorState] Token error with: None for account type: MSA
2026-09-13 09:36:35.295: [INFO][Sync] Credentials changed for: EdgeSyncKeyDataScope
2026-09-13 09:36:38.055: [INFO][Sync] Try to start sync engine
2026-09-13 09:36:38.080: [INFO][SyncAuthManager::SetLastAuthError] Current auth error: None
2026-09-13 09:36:38.080: [INFO][SyncAuthManager::EdgeLogTokenErrorState] Token error with: None for account type: MSA
2026-09-13 09:36:38.080: [INFO][Sync] Credentials changed for: EdgeSyncScopeNew
2026-09-13 09:36:38.093: [INFO][SyncEngineBackend::LoadAndConnectNigoriController] Load and connect Nigori controller
2026-09-13 09:36:38.093: [INFO][SyncEngineBackend::DoInitialize] Control Types added: 
2026-09-13 09:36:38.094: [INFO][SyncManagerImpl::ConfigureSyncer] Types to download:  with reason: 4
2026-09-13 09:36:38.095: [INFO][SyncEngineBackend::DoUpdateKeyDataCredentials] Update key data credentials
2026-09-13 09:36:38.097: [INFO][SyncEngineBackend::DoUpdateCredentials] Update credentials
2026-09-13 09:36:38.098: [INFO][SyncEngineBackend::DoUpdateKeyDataCredentials] Update key data credentials
2026-09-13 09:36:38.109: [INFO][Sync] Started DataTypeManager configuration, reason: 4
2026-09-13 09:36:38.109: [INFO][Sync] Configuring for: Extensions, Extension settings, Device Info, User Consents, Send Tab To Self, Web Apps, Encryption Keys, reason: 4, current state: 0
2026-09-13 09:36:38.110: [INFO][SyncEngineBackend::DoStartConfiguration] Start configuration
2026-09-13 09:36:38.113: [INFO][Sync] Configure, desired: Extensions, Extension settings, Device Info, User Consents, Send Tab To Self, Web Apps, Encryption Keys; Allow fail: 
2026-09-13 09:36:38.114: [INFO][Sync] Loading: Extensions
2026-09-13 09:36:38.115: [INFO][Sync] Loading: Extension settings
2026-09-13 09:36:38.116: [INFO][Sync] Loading: Device Info
2026-09-13 09:36:38.116: [INFO][Sync] Loading: User Consents
2026-09-13 09:36:38.116: [INFO][Sync] Loading: Send Tab To Self
2026-09-13 09:36:38.116: [INFO][Sync] Loading: Web Apps
2026-09-13 09:36:38.120: [INFO][Sync] All data types are ready for configure.
2026-09-13 09:36:38.121: [INFO][SyncManagerImpl::ConfigureSyncer] Types to download:  with reason: 4
2026-09-13 09:36:38.121: [INFO][SyncEngineBackend::DoFinishConfigureDataTypes] Failed to download types:  and succeeded types: 
2026-09-13 09:36:38.122: [INFO][Sync] ConfigurationDone, failed: , succeeded: , remaining count: 2
2026-09-13 09:36:38.123: [INFO][SyncManagerImpl::ConfigureSyncer] Types to download:  with reason: 4
2026-09-13 09:36:38.123: [INFO][SyncEngineBackend::DoFinishConfigureDataTypes] Failed to download types:  and succeeded types: 
2026-09-13 09:36:38.125: [INFO][Sync] ConfigurationDone, failed: , succeeded: , remaining count: 1
2026-09-13 09:36:38.125: [INFO][SyncManagerImpl::ConfigureSyncer] Types to download:  with reason: 4
2026-09-13 09:36:38.125: [INFO][SyncEngineBackend::DoFinishConfigureDataTypes] Failed to download types:  and succeeded types: 
2026-09-13 09:36:38.125: [INFO][Sync] ConfigurationDone, failed: , succeeded: , remaining count: 0
2026-09-13 09:36:38.125: [INFO][Sync]     Configuration completed, state: 3
2026-09-13 09:36:38.127: [INFO][Sync] Configured DataTypeManager: Ok
2026-09-13 09:36:38.138: [INFO][SyncEngineBackend::DoStartSyncing] Start syncing
2026-09-13 12:00:31.982: [INFO][SyncSchedulerImpl::OnSyncNetworkError] Syncer error: Network error (ERR_INTERNET_DISCONNECTED)
2026-09-13 12:00:31.987: [WARN][Sync] NetworkError: Network error (ERR_INTERNET_DISCONNECTED)
2026-09-13 12:00:32.062: [INFO][SyncSchedulerImpl::DoPollSyncCycleJob] Syncer error: Network error (ERR_INTERNET_DISCONNECTED)
2026-09-13 12:00:36.230: [INFO][SyncSchedulerImpl::OnSyncNetworkError] Syncer error: Network error (ERR_INTERNET_DISCONNECTED)
2026-09-13 12:00:36.231: [INFO][SyncSchedulerImpl::DoPollSyncCycleJob] Syncer error: Network error (ERR_INTERNET_DISCONNECTED)
2026-09-13 12:00:36.233: [WARN][Sync] NetworkError: Network error (ERR_INTERNET_DISCONNECTED)
2026-09-13 12:00:42.500: [INFO][SyncSchedulerImpl::OnSyncNetworkError] Syncer error: Network error (ERR_INTERNET_DISCONNECTED)
2026-09-13 12:00:42.500: [INFO][SyncSchedulerImpl::DoPollSyncCycleJob] Syncer error: Network error (ERR_INTERNET_DISCONNECTED)
2026-09-13 12:00:42.503: [WARN][Sync] NetworkError: Network error (ERR_INTERNET_DISCONNECTED)
2026-09-13 12:00:51.895: [INFO][SyncSchedulerImpl::OnSyncNetworkError] Syncer error: Network error (ERR_INTERNET_DISCONNECTED)
2026-09-13 12:00:51.897: [INFO][Commit::ReportFullCommitFailure] Commit Device Info failed with error: NetworkError
2026-09-13 12:00:51.897: [INFO][SyncSchedulerImpl::DoNudgeSyncCycleJob] Syncer error: Network error (ERR_INTERNET_DISCONNECTED)
2026-09-13 12:00:51.898: [WARN][Sync] NetworkError: Network error (ERR_INTERNET_DISCONNECTED)
2026-09-13 12:01:05.980: [INFO][SyncSchedulerImpl::OnSyncNetworkError] Syncer error: Network error (ERR_INTERNET_DISCONNECTED)
2026-09-13 12:01:05.980: [INFO][Commit::ReportFullCommitFailure] Commit Device Info failed with error: NetworkError
2026-09-13 12:01:05.980: [INFO][SyncSchedulerImpl::DoNudgeSyncCycleJob] Syncer error: Network error (ERR_INTERNET_DISCONNECTED)
2026-09-13 12:01:05.982: [WARN][Sync] NetworkError: Network error (ERR_INTERNET_DISCONNECTED)
2026-09-13 12:01:27.095: [INFO][SyncSchedulerImpl::OnSyncNetworkError] Syncer error: Network error (ERR_INTERNET_DISCONNECTED)
2026-09-13 12:01:27.095: [INFO][Commit::ReportFullCommitFailure] Commit Device Info failed with error: NetworkError
2026-09-13 12:01:27.095: [INFO][SyncSchedulerImpl::DoNudgeSyncCycleJob] Syncer error: Network error (ERR_INTERNET_DISCONNECTED)
2026-09-13 12:01:27.097: [WARN][Sync] NetworkError: Network error (ERR_INTERNET_DISCONNECTED)
2026-09-13 18:13:50.859: [INFO][SyncSchedulerImpl::OnSyncNetworkError] Syncer error: HTTP error (401)
2026-09-13 18:13:50.860: [INFO][Sync] Connection status changed to: 2
2026-09-13 18:13:50.873: [WARN][Sync] NetworkError: HTTP error (401)
2026-09-13 18:13:50.992: [INFO][SyncSchedulerImpl::DoNudgeSyncCycleJob] Syncer error: HTTP error (401)
2026-09-13 18:13:51.588: [INFO][SyncAuthManager::SetLastAuthError] Current auth error: None
2026-09-13 18:13:51.588: [INFO][SyncAuthManager::EdgeLogTokenErrorState] Token error with: None for account type: MSA
2026-09-13 18:13:51.589: [INFO][Sync] Credentials changed for: EdgeSyncScopeNew
2026-09-13 18:13:54.631: [INFO][SyncAuthManager::SetLastAuthError] Current auth error: None
2026-09-13 18:13:54.631: [INFO][SyncAuthManager::EdgeLogTokenErrorState] Token error with: None for account type: MSA
2026-09-13 18:13:54.631: [INFO][Sync] Credentials changed for: EdgeSyncKeyDataScope
2026-09-13 18:13:54.632: [INFO][SyncEngineBackend::DoUpdateKeyDataCredentials] Update key data credentials
2026-09-13 18:13:54.633: [INFO][SyncEngineBackend::DoUpdateCredentials] Update credentials
2026-09-13 18:51:00.979: [INFO][Sync] Connection status changed to: 2
2026-09-13 18:51:01.023: [INFO][SyncAuthManager::SetLastAuthError] Current auth error: None
2026-09-13 18:51:01.023: [INFO][SyncAuthManager::EdgeLogTokenErrorState] Token error with: None for account type: MSA
2026-09-13 18:51:01.024: [INFO][Sync] Credentials changed for: EdgeSyncScopeNew
2026-09-13 18:51:02.205: [INFO][SyncAuthManager::SetLastAuthError] Current auth error: None
2026-09-13 18:51:02.205: [INFO][SyncAuthManager::EdgeLogTokenErrorState] Token error with: None for account type: MSA
2026-09-13 18:51:02.205: [INFO][Sync] Credentials changed for: EdgeSyncKeyDataScope
2026-09-13 18:51:02.206: [INFO][SyncEngineBackend::DoUpdateKeyDataCredentials] Update key data credentials
2026-09-13 18:51:02.206: [INFO][SyncEngineBackend::DoUpdateCredentials] Update credentials
2026-09-13 20:01:34.513: [INFO][Sync] Connection status changed to: 2
2026-09-13 20:01:36.546: [INFO][SyncAuthManager::SetLastAuthError] Current auth error: None
2026-09-13 20:01:36.547: [INFO][SyncAuthManager::EdgeLogTokenErrorState] Token error with: None for account type: MSA
2026-09-13 20:01:36.547: [INFO][Sync] Credentials changed for: EdgeSyncScopeNew
2026-09-13 20:01:37.945: [INFO][SyncAuthManager::SetLastAuthError] Current auth error: None
2026-09-13 20:01:37.945: [INFO][SyncAuthManager::EdgeLogTokenErrorState] Token error with: None for account type: MSA
2026-09-13 20:01:37.945: [INFO][Sync] Credentials changed for: EdgeSyncKeyDataScope
2026-09-13 20:01:37.946: [INFO][SyncEngineBackend::DoUpdateKeyDataCredentials] Update key data credentials
2026-09-13 20:01:37.947: [INFO][SyncEngineBackend::DoUpdateCredentials] Update credentials
2026-09-14 00:01:40.656: [INFO][Sync] Connection status changed to: 2
2026-09-14 00:01:44.474: [INFO][SyncAuthManager::SetLastAuthError] Current auth error: None
2026-09-14 00:01:44.474: [INFO][SyncAuthManager::EdgeLogTokenErrorState] Token error with: None for account type: MSA
2026-09-14 00:01:44.475: [INFO][Sync] Credentials changed for: EdgeSyncScopeNew
2026-09-14 00:01:45.413: [INFO][SyncAuthManager::SetLastAuthError] Current auth error: None
2026-09-14 00:01:45.413: [INFO][SyncAuthManager::EdgeLogTokenErrorState] Token error with: None for account type: MSA
2026-09-14 00:01:45.413: [INFO][Sync] Credentials changed for: EdgeSyncKeyDataScope
2026-09-14 00:01:45.415: [INFO][SyncEngineBackend::DoUpdateKeyDataCredentials] Update key data credentials
2026-09-14 00:01:45.416: [INFO][SyncEngineBackend::DoUpdateCredentials] Update credentials
2026-09-14 08:16:24.558: [INFO][SyncSchedulerImpl::OnSyncNetworkError] Syncer error: Network error (ERR_NAME_NOT_RESOLVED)
2026-09-14 08:16:24.559: [INFO][SyncSchedulerImpl::DoPollSyncCycleJob] Syncer error: Network error (ERR_NAME_NOT_RESOLVED)
2026-09-14 08:16:24.576: [WARN][Sync] NetworkError: Network error (ERR_NAME_NOT_RESOLVED)
2026-09-14 08:16:30.793: [INFO][Sync] Connection status changed to: 2
2026-09-14 08:16:32.327: [INFO][SyncSchedulerImpl::OnSyncNetworkError] Syncer error: HTTP error (401)
2026-09-14 08:16:32.327: [INFO][Sync] Connection status changed to: 2
2026-09-14 08:16:32.327: [INFO][SyncSchedulerImpl::DoPollSyncCycleJob] Syncer error: HTTP error (401)
2026-09-14 08:16:32.338: [WARN][Sync] NetworkError: HTTP error (401)
2026-09-14 08:16:32.811: [INFO][Sync] Connection status changed to: 2
2026-09-14 08:16:39.237: [INFO][SyncAuthManager::SetLastAuthError] Current auth error: None
2026-09-14 08:16:39.238: [INFO][SyncAuthManager::EdgeLogTokenErrorState] Token error with: None for account type: MSA
2026-09-14 08:16:39.238: [INFO][Sync] Credentials changed for: EdgeSyncKeyDataScope
2026-09-14 08:16:39.238: [INFO][SyncEngineBackend::DoUpdateKeyDataCredentials] Update key data credentials
2026-09-14 08:16:39.603: [INFO][SyncAuthManager::SetLastAuthError] Current auth error: None
2026-09-14 08:16:39.604: [INFO][SyncAuthManager::EdgeLogTokenErrorState] Token error with: None for account type: MSA
2026-09-14 08:16:39.604: [INFO][Sync] Credentials changed for: EdgeSyncScopeNew
2026-09-14 08:16:39.605: [INFO][SyncEngineBackend::DoUpdateCredentials] Update credentials
2026-09-14 08:16:39.606: [INFO][SyncEngineBackend::DoUpdateKeyDataCredentials] Update key data credentials
2026-09-14 14:09:08.404: [INFO][Sync] SyncState after authenticated was: FeatureNotSetup
2026-09-14 14:09:13.041: [INFO][SyncAuthManager::SetLastAuthError] Current auth error: None
2026-09-14 14:09:13.042: [INFO][SyncAuthManager::EdgeLogTokenErrorState] Token error with: None for account type: MSA
2026-09-14 14:09:13.042: [INFO][Sync] Credentials changed for: EdgeSyncKeyDataScope
2026-09-14 14:09:19.812: [INFO][Sync] Try to start sync engine
2026-09-14 14:09:20.115: [INFO][SyncAuthManager::SetLastAuthError] Current auth error: None
2026-09-14 14:09:20.115: [INFO][SyncAuthManager::EdgeLogTokenErrorState] Token error with: None for account type: MSA
2026-09-14 14:09:20.115: [INFO][Sync] Credentials changed for: EdgeSyncScopeNew
2026-09-14 14:09:20.500: [INFO][SyncEngineBackend::LoadAndConnectNigoriController] Load and connect Nigori controller
2026-09-14 14:09:20.500: [INFO][SyncEngineBackend::DoInitialize] Control Types added: 
2026-09-14 14:09:20.500: [INFO][SyncManagerImpl::ConfigureSyncer] Types to download:  with reason: 4
2026-09-14 14:09:20.502: [INFO][SyncEngineBackend::DoUpdateKeyDataCredentials] Update key data credentials
2026-09-14 14:09:20.525: [INFO][Sync] Started DataTypeManager configuration, reason: 4
2026-09-14 14:09:20.526: [INFO][Sync] Configuring for: Extensions, Extension settings, Device Info, User Consents, Send Tab To Self, Web Apps, Encryption Keys, reason: 4, current state: 0
2026-09-14 14:09:20.534: [INFO][SyncEngineBackend::DoUpdateCredentials] Update credentials
2026-09-14 14:09:20.534: [INFO][SyncEngineBackend::DoUpdateKeyDataCredentials] Update key data credentials
2026-09-14 14:09:20.534: [INFO][SyncEngineBackend::DoStartConfiguration] Start configuration
2026-09-14 14:09:20.536: [INFO][Sync] Configure, desired: Extensions, Extension settings, Device Info, User Consents, Send Tab To Self, Web Apps, Encryption Keys; Allow fail: 
2026-09-14 14:09:20.537: [INFO][Sync] Loading: Extensions
2026-09-14 14:09:20.538: [INFO][Sync] Loading: Extension settings
2026-09-14 14:09:20.540: [INFO][Sync] Loading: Device Info
2026-09-14 14:09:20.540: [INFO][Sync] Loading: User Consents
2026-09-14 14:09:20.540: [INFO][Sync] Loading: Send Tab To Self
2026-09-14 14:09:20.540: [INFO][Sync] Loading: Web Apps
2026-09-14 14:09:20.548: [INFO][Sync] All data types are ready for configure.
2026-09-14 14:09:20.552: [INFO][SyncManagerImpl::ConfigureSyncer] Types to download:  with reason: 4
2026-09-14 14:09:20.552: [INFO][SyncEngineBackend::DoFinishConfigureDataTypes] Failed to download types:  and succeeded types: 
2026-09-14 14:09:20.565: [INFO][Sync] ConfigurationDone, failed: , succeeded: , remaining count: 2
2026-09-14 14:09:20.565: [INFO][SyncManagerImpl::ConfigureSyncer] Types to download:  with reason: 4
2026-09-14 14:09:20.565: [INFO][SyncEngineBackend::DoFinishConfigureDataTypes] Failed to download types:  and succeeded types: 
2026-09-14 14:09:20.566: [INFO][Sync] ConfigurationDone, failed: , succeeded: , remaining count: 1
2026-09-14 14:09:20.566: [INFO][SyncManagerImpl::ConfigureSyncer] Types to download:  with reason: 4
2026-09-14 14:09:20.566: [INFO][SyncEngineBackend::DoFinishConfigureDataTypes] Failed to download types:  and succeeded types: 
2026-09-14 14:09:20.568: [INFO][Sync] ConfigurationDone, failed: , succeeded: , remaining count: 0
2026-09-14 14:09:20.568: [INFO][Sync]     Configuration completed, state: 3
2026-09-14 14:09:20.576: [INFO][Sync] Configured DataTypeManager: Ok
2026-09-14 14:09:20.594: [INFO][SyncEngineBackend::DoStartSyncing] Start syncing
2026-09-14 19:50:30.135: [INFO][Sync] Connection status changed to: 2
2026-09-14 19:50:30.135: [INFO][SyncSchedulerImpl::OnSyncNetworkError] Syncer error: HTTP error (401)
2026-09-14 19:50:30.152: [INFO][SyncSchedulerImpl::DoNudgeSyncCycleJob] Syncer error: HTTP error (401)
2026-09-14 19:50:30.153: [WARN][Sync] NetworkError: HTTP error (401)
2026-09-14 19:50:30.257: [INFO][SyncAuthManager::SetLastAuthError] Current auth error: None
2026-09-14 19:50:30.257: [INFO][SyncAuthManager::EdgeLogTokenErrorState] Token error with: None for account type: MSA
2026-09-14 19:50:30.257: [INFO][Sync] Credentials changed for: EdgeSyncScopeNew
2026-09-14 19:50:30.509: [INFO][SyncAuthManager::SetLastAuthError] Current auth error: None
2026-09-14 19:50:30.509: [INFO][SyncAuthManager::EdgeLogTokenErrorState] Token error with: None for account type: MSA
2026-09-14 19:50:30.509: [INFO][Sync] Credentials changed for: EdgeSyncKeyDataScope
2026-09-14 19:50:30.509: [INFO][SyncEngineBackend::DoUpdateKeyDataCredentials] Update key data credentials
2026-09-14 19:50:30.510: [INFO][SyncEngineBackend::DoUpdateCredentials] Update credentials
2026-09-15 08:09:22.974: [INFO][Sync] Connection status changed to: 2
2026-09-15 08:09:22.975: [INFO][SyncSchedulerImpl::OnSyncNetworkError] Syncer error: HTTP error (401)
2026-09-15 08:09:23.049: [INFO][SyncSchedulerImpl::DoPollSyncCycleJob] Syncer error: HTTP error (401)
2026-09-15 08:09:23.157: [WARN][Sync] NetworkError: HTTP error (401)
2026-09-15 08:09:26.769: [INFO][SyncAuthManager::SetLastAuthError] Current auth error: None
2026-09-15 08:09:26.770: [INFO][SyncAuthManager::EdgeLogTokenErrorState] Token error with: None for account type: MSA
2026-09-15 08:09:26.770: [INFO][Sync] Credentials changed for: EdgeSyncScopeNew
2026-09-15 08:09:27.627: [INFO][SyncAuthManager::SetLastAuthError] Current auth error: None
2026-09-15 08:09:27.627: [INFO][SyncAuthManager::EdgeLogTokenErrorState] Token error with: None for account type: MSA
2026-09-15 08:09:27.627: [INFO][Sync] Credentials changed for: EdgeSyncKeyDataScope
2026-09-15 08:09:27.628: [INFO][SyncEngineBackend::DoUpdateKeyDataCredentials] Update key data credentials
2026-09-15 08:09:27.629: [INFO][SyncEngineBackend::DoUpdateCredentials] Update credentials
2026-09-15 09:43:47.169: [INFO][Sync] Connection status changed to: 2
2026-09-15 09:43:47.883: [INFO][SyncAuthManager::SetLastAuthError] Current auth error: None
2026-09-15 09:43:47.883: [INFO][SyncAuthManager::EdgeLogTokenErrorState] Token error with: None for account type: MSA
2026-09-15 09:43:47.883: [INFO][Sync] Credentials changed for: EdgeSyncScopeNew
2026-09-15 09:43:49.204: [INFO][SyncAuthManager::SetLastAuthError] Current auth error: None
2026-09-15 09:43:49.204: [INFO][SyncAuthManager::EdgeLogTokenErrorState] Token error with: None for account type: MSA
2026-09-15 09:43:49.204: [INFO][Sync] Credentials changed for: EdgeSyncKeyDataScope
2026-09-15 09:43:49.204: [INFO][SyncEngineBackend::DoUpdateKeyDataCredentials] Update key data credentials
2026-09-15 09:43:49.205: [INFO][SyncEngineBackend::DoUpdateCredentials] Update credentials
2026-09-15 12:18:43.997: [INFO][SyncSchedulerImpl::OnSyncNetworkError] Syncer error: Network error (ERR_INTERNET_DISCONNECTED)
2026-09-15 12:18:44.002: [INFO][Commit::ReportFullCommitFailure] Commit Device Info failed with error: NetworkError
2026-09-15 12:18:44.006: [INFO][SyncSchedulerImpl::DoNudgeSyncCycleJob] Syncer error: Network error (ERR_INTERNET_DISCONNECTED)
2026-09-15 12:18:44.083: [WARN][Sync] NetworkError: Network error (ERR_INTERNET_DISCONNECTED)
2026-09-15 12:18:45.525: [INFO][SyncSchedulerImpl::OnSyncNetworkError] Syncer error: Network error (ERR_INTERNET_DISCONNECTED)
2026-09-15 12:18:45.526: [INFO][Commit::ReportFullCommitFailure] Commit Device Info failed with error: NetworkError
2026-09-15 12:18:45.527: [INFO][SyncSchedulerImpl::DoNudgeSyncCycleJob] Syncer error: Network error (ERR_INTERNET_DISCONNECTED)
2026-09-15 12:18:45.531: [WARN][Sync] NetworkError: Network error (ERR_INTERNET_DISCONNECTED)
2026-09-15 12:18:49.290: [INFO][SyncSchedulerImpl::OnSyncNetworkError] Syncer error: Network error (ERR_INTERNET_DISCONNECTED)
2026-09-15 12:18:49.290: [INFO][Commit::ReportFullCommitFailure] Commit Device Info failed with error: NetworkError
2026-09-15 12:18:49.290: [INFO][SyncSchedulerImpl::DoNudgeSyncCycleJob] Syncer error: Network error (ERR_INTERNET_DISCONNECTED)
2026-09-15 12:18:49.295: [WARN][Sync] NetworkError: Network error (ERR_INTERNET_DISCONNECTED)
2026-09-15 12:18:58.680: [INFO][SyncSchedulerImpl::OnSyncNetworkError] Syncer error: Network error (ERR_INTERNET_DISCONNECTED)
2026-09-15 12:18:58.680: [INFO][Commit::ReportFullCommitFailure] Commit Device Info failed with error: NetworkError
2026-09-15 12:18:58.680: [INFO][SyncSchedulerImpl::DoNudgeSyncCycleJob] Syncer error: Network error (ERR_INTERNET_DISCONNECTED)
2026-09-15 12:18:58.689: [WARN][Sync] NetworkError: Network error (ERR_INTERNET_DISCONNECTED)
2026-09-15 12:19:22.354: [INFO][SyncSchedulerImpl::OnSyncNetworkError] Syncer error: Network error (ERR_INTERNET_DISCONNECTED)
2026-09-15 12:19:22.355: [INFO][Commit::ReportFullCommitFailure] Commit Device Info failed with error: NetworkError
2026-09-15 12:19:22.355: [INFO][SyncSchedulerImpl::DoNudgeSyncCycleJob] Syncer error: Network error (ERR_INTERNET_DISCONNECTED)
2026-09-15 12:19:22.360: [WARN][Sync] NetworkError: Network error (ERR_INTERNET_DISCONNECTED)
2026-09-15 12:19:26.281: [INFO][SyncSchedulerImpl::OnSyncNetworkError] Syncer error: Network error (ERR_NETWORK_CHANGED)
2026-09-15 12:19:26.282: [INFO][Commit::ReportFullCommitFailure] Commit Device Info failed with error: NetworkError
2026-09-15 12:19:26.282: [INFO][SyncSchedulerImpl::DoNudgeSyncCycleJob] Syncer error: Network error (ERR_NETWORK_CHANGED)
2026-09-15 12:19:26.287: [WARN][Sync] NetworkError: Network error (ERR_NETWORK_CHANGED)
2026-09-15 12:43:16.983: [INFO][Sync] Connection status changed to: 2
2026-09-15 12:43:17.720: [INFO][SyncAuthManager::SetLastAuthError] Current auth error: None
2026-09-15 12:43:17.720: [INFO][SyncAuthManager::EdgeLogTokenErrorState] Token error with: None for account type: MSA
2026-09-15 12:43:17.722: [INFO][Sync] Credentials changed for: EdgeSyncScopeNew
2026-09-15 12:43:21.902: [INFO][SyncAuthManager::SetLastAuthError] Current auth error: None
2026-09-15 12:43:21.902: [INFO][SyncAuthManager::EdgeLogTokenErrorState] Token error with: None for account type: MSA
2026-09-15 12:43:21.902: [INFO][Sync] Credentials changed for: EdgeSyncKeyDataScope
2026-09-15 12:43:21.903: [INFO][SyncEngineBackend::DoUpdateKeyDataCredentials] Update key data credentials
2026-09-15 12:43:21.903: [INFO][SyncEngineBackend::DoUpdateCredentials] Update credentials
2026-09-15 16:18:04.472: [INFO][SyncSchedulerImpl::OnSyncNetworkError] Syncer error: Network error (ERR_INTERNET_DISCONNECTED)
2026-09-15 16:18:04.474: [INFO][SyncSchedulerImpl::DoPollSyncCycleJob] Syncer error: Network error (ERR_INTERNET_DISCONNECTED)
2026-09-15 16:18:04.478: [WARN][Sync] NetworkError: Network error (ERR_INTERNET_DISCONNECTED)
2026-09-15 16:18:07.549: [INFO][SyncSchedulerImpl::OnSyncNetworkError] Syncer error: Network error (ERR_INTERNET_DISCONNECTED)
2026-09-15 16:18:07.550: [INFO][SyncSchedulerImpl::DoPollSyncCycleJob] Syncer error: Network error (ERR_INTERNET_DISCONNECTED)
2026-09-15 16:18:07.555: [WARN][Sync] NetworkError: Network error (ERR_INTERNET_DISCONNECTED)
2026-09-15 16:18:13.854: [INFO][SyncSchedulerImpl::OnSyncNetworkError] Syncer error: Network error (ERR_INTERNET_DISCONNECTED)
2026-09-15 16:18:13.855: [INFO][SyncSchedulerImpl::DoPollSyncCycleJob] Syncer error: Network error (ERR_INTERNET_DISCONNECTED)
2026-09-15 16:18:13.861: [WARN][Sync] NetworkError: Network error (ERR_INTERNET_DISCONNECTED)
2026-09-15 16:18:29.493: [INFO][SyncSchedulerImpl::OnSyncNetworkError] Syncer error: Network error (ERR_INTERNET_DISCONNECTED)
2026-09-15 16:18:29.493: [INFO][SyncSchedulerImpl::DoPollSyncCycleJob] Syncer error: Network error (ERR_INTERNET_DISCONNECTED)
2026-09-15 16:18:29.499: [WARN][Sync] NetworkError: Network error (ERR_INTERNET_DISCONNECTED)
2026-09-15 16:19:08.636: [INFO][SyncSchedulerImpl::OnSyncNetworkError] Syncer error: Network error (ERR_INTERNET_DISCONNECTED)
2026-09-15 16:19:08.637: [INFO][SyncSchedulerImpl::DoPollSyncCycleJob] Syncer error: Network error (ERR_INTERNET_DISCONNECTED)
2026-09-15 16:19:08.640: [WARN][Sync] NetworkError: Network error (ERR_INTERNET_DISCONNECTED)
2026-09-15 18:11:17.710: [INFO][Sync] Connection status changed to: 2
2026-09-15 18:11:17.710: [INFO][SyncSchedulerImpl::OnSyncNetworkError] Syncer error: HTTP error (401)
2026-09-15 18:11:17.713: [INFO][SyncSchedulerImpl::DoNudgeSyncCycleJob] Syncer error: HTTP error (401)
2026-09-15 18:11:17.756: [WARN][Sync] NetworkError: HTTP error (401)
2026-09-15 18:11:18.192: [INFO][SyncAuthManager::SetLastAuthError] Current auth error: None
2026-09-15 18:11:18.192: [INFO][SyncAuthManager::EdgeLogTokenErrorState] Token error with: None for account type: MSA
2026-09-15 18:11:18.192: [INFO][Sync] Credentials changed for: EdgeSyncScopeNew
2026-09-15 18:11:19.240: [INFO][SyncAuthManager::SetLastAuthError] Current auth error: None
2026-09-15 18:11:19.240: [INFO][SyncAuthManager::EdgeLogTokenErrorState] Token error with: None for account type: MSA
2026-09-15 18:11:19.240: [INFO][Sync] Credentials changed for: EdgeSyncKeyDataScope
2026-09-15 18:11:19.240: [INFO][SyncEngineBackend::DoUpdateKeyDataCredentials] Update key data credentials
2026-09-15 18:11:19.240: [INFO][SyncEngineBackend::DoUpdateCredentials] Update credentials
2026-09-16 11:58:16.873: [INFO][Sync] SyncState after authenticated was: FeatureNotSetup
2026-09-16 11:58:27.951: [INFO][Sync] Try to start sync engine
2026-09-16 11:58:27.982: [INFO][SyncAuthManager::SetLastAuthError] Current auth error: None
2026-09-16 11:58:27.982: [INFO][SyncAuthManager::EdgeLogTokenErrorState] Token error with: None for account type: MSA
2026-09-16 11:58:27.982: [INFO][Sync] Credentials changed for: EdgeSyncScopeNew
2026-09-16 11:58:27.998: [INFO][SyncAuthManager::SetLastAuthError] Current auth error: None
2026-09-16 11:58:27.998: [INFO][SyncAuthManager::EdgeLogTokenErrorState] Token error with: None for account type: MSA
2026-09-16 11:58:27.998: [INFO][Sync] Credentials changed for: EdgeSyncKeyDataScope
2026-09-16 11:58:28.005: [INFO][SyncEngineBackend::LoadAndConnectNigoriController] Load and connect Nigori controller
2026-09-16 11:58:28.005: [INFO][SyncEngineBackend::DoInitialize] Control Types added: 
2026-09-16 11:58:28.005: [INFO][SyncManagerImpl::ConfigureSyncer] Types to download:  with reason: 4
2026-09-16 11:58:28.010: [INFO][SyncEngineBackend::DoUpdateKeyDataCredentials] Update key data credentials
2026-09-16 11:58:28.011: [INFO][SyncEngineBackend::DoUpdateCredentials] Update credentials
2026-09-16 11:58:28.029: [INFO][Sync] Started DataTypeManager configuration, reason: 4
2026-09-16 11:58:28.029: [INFO][Sync] Configuring for: Extensions, Extension settings, Device Info, User Consents, Send Tab To Self, Web Apps, Encryption Keys, reason: 4, current state: 0
2026-09-16 11:58:28.030: [INFO][SyncEngineBackend::DoStartConfiguration] Start configuration
2026-09-16 11:58:28.035: [INFO][Sync] Configure, desired: Extensions, Extension settings, Device Info, User Consents, Send Tab To Self, Web Apps, Encryption Keys; Allow fail: 
2026-09-16 11:58:28.037: [INFO][Sync] Loading: Extensions
2026-09-16 11:58:28.038: [INFO][Sync] Loading: Extension settings
2026-09-16 11:58:28.039: [INFO][Sync] Loading: Device Info
2026-09-16 11:58:28.040: [INFO][Sync] Loading: User Consents
2026-09-16 11:58:28.040: [INFO][Sync] Loading: Send Tab To Self
2026-09-16 11:58:28.040: [INFO][Sync] Loading: Web Apps
2026-09-16 11:58:28.047: [INFO][Sync] All data types are ready for configure.
2026-09-16 11:58:28.049: [INFO][SyncManagerImpl::ConfigureSyncer] Types to download:  with reason: 4
2026-09-16 11:58:28.049: [INFO][SyncEngineBackend::DoFinishConfigureDataTypes] Failed to download types:  and succeeded types: 
2026-09-16 11:58:28.065: [INFO][Sync] ConfigurationDone, failed: , succeeded: , remaining count: 2
2026-09-16 11:58:28.067: [INFO][SyncManagerImpl::ConfigureSyncer] Types to download:  with reason: 4
2026-09-16 11:58:28.067: [INFO][SyncEngineBackend::DoFinishConfigureDataTypes] Failed to download types:  and succeeded types: 
2026-09-16 11:58:28.077: [INFO][Sync] ConfigurationDone, failed: , succeeded: , remaining count: 1
2026-09-16 11:58:28.080: [INFO][SyncManagerImpl::ConfigureSyncer] Types to download:  with reason: 4
2026-09-16 11:58:28.080: [INFO][SyncEngineBackend::DoFinishConfigureDataTypes] Failed to download types:  and succeeded types: 
2026-09-16 11:58:28.080: [INFO][Sync] ConfigurationDone, failed: , succeeded: , remaining count: 0
2026-09-16 11:58:28.080: [INFO][Sync]     Configuration completed, state: 3
2026-09-16 11:58:28.083: [INFO][Sync] Configured DataTypeManager: Ok
2026-09-16 11:58:28.110: [INFO][SyncEngineBackend::DoStartSyncing] Start syncing
2026-09-16 16:03:31.448: [INFO][Sync] SyncState after authenticated was: FeatureNotSetup
2026-09-16 16:03:36.891: [INFO][SyncAuthManager::SetLastAuthError] Current auth error: None
2026-09-16 16:03:36.892: [INFO][SyncAuthManager::EdgeLogTokenErrorState] Token error with: None for account type: MSA
2026-09-16 16:03:36.892: [INFO][Sync] Credentials changed for: EdgeSyncKeyDataScope
2026-09-16 16:03:41.821: [INFO][Sync] Try to start sync engine
2026-09-16 16:03:41.835: [INFO][SyncEngineBackend::LoadAndConnectNigoriController] Load and connect Nigori controller
2026-09-16 16:03:41.835: [INFO][SyncEngineBackend::DoInitialize] Control Types added: 
2026-09-16 16:03:41.835: [INFO][SyncManagerImpl::ConfigureSyncer] Types to download:  with reason: 4
2026-09-16 16:03:41.835: [INFO][SyncEngineBackend::DoUpdateKeyDataCredentials] Update key data credentials
2026-09-16 16:03:41.844: [INFO][Sync] Started DataTypeManager configuration, reason: 4
2026-09-16 16:03:41.844: [INFO][Sync] Configuring for: Extensions, Extension settings, Device Info, User Consents, Send Tab To Self, Web Apps, Encryption Keys, reason: 4, current state: 0
2026-09-16 16:03:41.844: [INFO][SyncEngineBackend::DoStartConfiguration] Start configuration
2026-09-16 16:03:41.848: [INFO][Sync] Configure, desired: Extensions, Extension settings, Device Info, User Consents, Send Tab To Self, Web Apps, Encryption Keys; Allow fail: 
2026-09-16 16:03:41.848: [INFO][Sync] Loading: Extensions
2026-09-16 16:03:41.848: [INFO][Sync] Loading: Extension settings
2026-09-16 16:03:41.848: [INFO][Sync] Loading: Device Info
2026-09-16 16:03:41.848: [INFO][Sync] Loading: User Consents
2026-09-16 16:03:41.848: [INFO][Sync] Loading: Send Tab To Self
2026-09-16 16:03:41.848: [INFO][Sync] Loading: Web Apps
2026-09-16 16:03:41.852: [INFO][SyncAuthManager::SetLastAuthError] Current auth error: None
2026-09-16 16:03:41.853: [INFO][SyncAuthManager::EdgeLogTokenErrorState] Token error with: None for account type: MSA
2026-09-16 16:03:41.853: [INFO][Sync] Credentials changed for: EdgeSyncScopeNew
2026-09-16 16:03:41.853: [INFO][SyncEngineBackend::DoUpdateCredentials] Update credentials
2026-09-16 16:03:41.853: [INFO][SyncEngineBackend::DoUpdateKeyDataCredentials] Update key data credentials
2026-09-16 16:03:41.857: [INFO][Sync] All data types are ready for configure.
2026-09-16 16:03:41.858: [INFO][SyncManagerImpl::ConfigureSyncer] Types to download:  with reason: 4
2026-09-16 16:03:41.858: [INFO][SyncEngineBackend::DoFinishConfigureDataTypes] Failed to download types:  and succeeded types: 
2026-09-16 16:03:41.866: [INFO][Sync] ConfigurationDone, failed: , succeeded: , remaining count: 2
2026-09-16 16:03:41.866: [INFO][SyncManagerImpl::ConfigureSyncer] Types to download:  with reason: 4
2026-09-16 16:03:41.866: [INFO][SyncEngineBackend::DoFinishConfigureDataTypes] Failed to download types:  and succeeded types: 
2026-09-16 16:03:41.866: [INFO][Sync] ConfigurationDone, failed: , succeeded: , remaining count: 1
2026-09-16 16:03:41.866: [INFO][SyncManagerImpl::ConfigureSyncer] Types to download:  with reason: 4
2026-09-16 16:03:41.866: [INFO][SyncEngineBackend::DoFinishConfigureDataTypes] Failed to download types:  and succeeded types: 
2026-09-16 16:03:41.866: [INFO][Sync] ConfigurationDone, failed: , succeeded: , remaining count: 0
2026-09-16 16:03:41.867: [INFO][Sync]     Configuration completed, state: 3
2026-09-16 16:03:41.867: [INFO][Sync] Configured DataTypeManager: Ok
2026-09-16 16:03:41.872: [INFO][SyncEngineBackend::DoStartSyncing] Start syncing
2026-09-16 16:38:15.078: [INFO][Sync] SyncState after authenticated was: FeatureNotSetup
2026-09-16 16:38:21.582: [INFO][SyncAuthManager::SetLastAuthError] Current auth error: None
2026-09-16 16:38:21.582: [INFO][SyncAuthManager::EdgeLogTokenErrorState] Token error with: None for account type: MSA
2026-09-16 16:38:21.582: [INFO][Sync] Credentials changed for: EdgeSyncKeyDataScope
2026-09-16 16:38:25.444: [INFO][Sync] Try to start sync engine
2026-09-16 16:38:25.463: [INFO][SyncEngineBackend::LoadAndConnectNigoriController] Load and connect Nigori controller
2026-09-16 16:38:25.463: [INFO][SyncEngineBackend::DoInitialize] Control Types added: 
2026-09-16 16:38:25.463: [INFO][SyncManagerImpl::ConfigureSyncer] Types to download:  with reason: 4
2026-09-16 16:38:25.463: [INFO][SyncEngineBackend::DoUpdateKeyDataCredentials] Update key data credentials
2026-09-16 16:38:25.474: [INFO][Sync] Started DataTypeManager configuration, reason: 4
2026-09-16 16:38:25.475: [INFO][Sync] Configuring for: Extensions, Extension settings, Device Info, User Consents, Send Tab To Self, Web Apps, Encryption Keys, reason: 4, current state: 0
2026-09-16 16:38:25.475: [INFO][SyncEngineBackend::DoStartConfiguration] Start configuration
2026-09-16 16:38:25.478: [INFO][Sync] Configure, desired: Extensions, Extension settings, Device Info, User Consents, Send Tab To Self, Web Apps, Encryption Keys; Allow fail: 
2026-09-16 16:38:25.478: [INFO][Sync] Loading: Extensions
2026-09-16 16:38:25.478: [INFO][Sync] Loading: Extension settings
2026-09-16 16:38:25.479: [INFO][Sync] Loading: Device Info
2026-09-16 16:38:25.479: [INFO][Sync] Loading: User Consents
2026-09-16 16:38:25.479: [INFO][Sync] Loading: Send Tab To Self
2026-09-16 16:38:25.479: [INFO][Sync] Loading: Web Apps
2026-09-16 16:38:25.483: [INFO][SyncAuthManager::SetLastAuthError] Current auth error: None
2026-09-16 16:38:25.483: [INFO][SyncAuthManager::EdgeLogTokenErrorState] Token error with: None for account type: MSA
2026-09-16 16:38:25.483: [INFO][Sync] Credentials changed for: EdgeSyncScopeNew
2026-09-16 16:38:25.484: [INFO][SyncEngineBackend::DoUpdateCredentials] Update credentials
2026-09-16 16:38:25.484: [INFO][SyncEngineBackend::DoUpdateKeyDataCredentials] Update key data credentials
2026-09-16 16:38:25.492: [INFO][Sync] All data types are ready for configure.
2026-09-16 16:38:25.492: [INFO][SyncManagerImpl::ConfigureSyncer] Types to download:  with reason: 4
2026-09-16 16:38:25.492: [INFO][SyncEngineBackend::DoFinishConfigureDataTypes] Failed to download types:  and succeeded types: 
2026-09-16 16:38:25.493: [INFO][Sync] ConfigurationDone, failed: , succeeded: , remaining count: 2
2026-09-16 16:38:25.493: [INFO][SyncManagerImpl::ConfigureSyncer] Types to download:  with reason: 4
2026-09-16 16:38:25.493: [INFO][SyncEngineBackend::DoFinishConfigureDataTypes] Failed to download types:  and succeeded types: 
2026-09-16 16:38:25.500: [INFO][Sync] ConfigurationDone, failed: , succeeded: , remaining count: 1
2026-09-16 16:38:25.501: [INFO][SyncManagerImpl::ConfigureSyncer] Types to download:  with reason: 4
2026-09-16 16:38:25.501: [INFO][SyncEngineBackend::DoFinishConfigureDataTypes] Failed to download types:  and succeeded types: 
2026-09-16 16:38:25.501: [INFO][Sync] ConfigurationDone, failed: , succeeded: , remaining count: 0
2026-09-16 16:38:25.501: [INFO][Sync]     Configuration completed, state: 3
2026-09-16 16:38:25.501: [INFO][Sync] Configured DataTypeManager: Ok
2026-09-16 16:38:25.523: [INFO][SyncEngineBackend::DoStartSyncing] Start syncing
2026-09-16 17:10:26.015: [INFO][Sync] Reset engine, reason: 0
2026-09-16 17:10:26.015: [INFO][Sync] Reset engine with reason: 0
